day\location;753;3343;1934;5820;4356;1739;7859;2155;5706;3513;4431;1204;718;657;4387;2075;931;417;284;6765;3921;7229;4354;8282;2096;1176;7422;4987;5499;1258;4440;3155;1026;6908;1379
1;0;0;0;0;0;0;0;0;0;0;0;0;0;0;0;0;0;0;0;0;0;0;0;0;0;0;0;0;0;0;0;0;0;0;0
2;77;32;44;255;30;47;63;35;60;28;33;20;24;39;49;54;12;21;22;3;14;143;22;61;9;21;3;41;48;7;54;22;12;27;47
3;237;75;87;567;63;108;149;91;107;55;81;51;52;84;104;120;35;49;53;6;33;271;64;144;26;57;8;113;100;23;119;73;35;51;106
4;84;27;43;199;24;36;44;31;47;19;36;17;18;24;40;44;10;13;18;3;12;92;23;39;10;18;2;40;41;3;40;25;11;27;58
5;156;53;63;443;52;88;100;68;79;34;57;30;35;65;83;97;24;32;34;5;26;246;48;105;17;42;4;77;68;17;73;44;28;41;84
6;101;29;47;208;26;43;52;28;51;21;36;16;23;35;45;52;12;20;21;3;11;100;27;52;10;13;3;36;45;8;47;28;13;27;56
7;160;53;75;466;51;75;101;82;77;40;60;36;35;69;78;79;25;34;28;5;24;239;49;114;20;44;6;86;71;12;86;51;24;47;88
8;0;0;0;0;0;0;0;0;0;0;0;0;0;0;0;0;0;0;0;0;0;0;0;0;0;0;0;0;0;0;0;0;0;0;0
9;154;57;70;491;55;79;129;74;84;42;65;33;35;60;77;98;26;34;36;6;24;276;49;114;21;45;5;76;75;18;92;55;29;45;99
10;155;65;68;464;47;83;105;63;82;38;59;27;36;55;68;99;22;36;32;6;22;236;44;111;22;40;6;89;70;20;84;50;26;46;92
11;109;35;50;274;27;61;67;55;68;24;44;23;30;40;51;59;19;29;26;4;18;166;33;59;14;23;4;49;55;8;68;35;11;27;59
12;139;47;60;389;47;65;101;66;80;34;66;27;28;59;70;75;19;29;26;5;24;158;45;106;16;30;5;63;56;8;83;41;23;39;77
13;162;63;68;484;49;77;119;61;86;42;63;33;38;60;80;78;23;32;40;5;23;246;51;105;22;45;6;82;79;16;81;41;24;39;78
14;93;31;52;252;34;46;68;34;51;28;41;22;22;42;54;58;13;26;22;3;16;151;24;56;17;15;4;41;47;7;72;31;13;29;54
15;0;0;0;0;0;0;0;0;0;0;0;0;0;0;0;0;0;0;0;0;0;0;0;0;0;0;0;0;0;0;0;0;0;0;0
16;104;56;62;367;41;73;94;57;68;30;51;26;27;62;66;91;17;32;37;3;20;200;38;96;17;35;4;65;65;13;64;44;19;33;67
17;173;65;66;489;59;89;119;74;89;49;71;36;40;75;80;98;33;41;44;6;28;289;49;110;19;47;6;102;84;22;107;56;28;46;104
18;206;79;91;611;56;100;145;78;98;52;86;49;47;88;101;114;33;47;48;8;27;297;59;146;28;48;8;113;94;16;103;62;33;50;109
19;206;68;76;517;54;94;141;90;102;57;77;44;41;75;103;119;34;47;48;6;28;303;53;131;26;48;8;113;97;23;93;51;35;40;113
20;92;30;42;275;28;29;60;33;53;21;30;18;22;41;45;54;9;18;19;1;12;115;25;53;10;25;3;47;32;10;52;33;15;28;57
21;80;30;45;237;26;44;43;39;45;25;34;15;21;44;43;46;9;22;20;3;13;75;22;42;10;19;3;40;39;8;49;27;9;27;51
22;0;0;0;0;0;0;0;0;0;0;0;0;0;0;0;0;0;0;0;0;0;0;0;0;0;0;0;0;0;0;0;0;0;0;0
23;165;57;73;475;40;87;111;62;74;37;62;35;38;68;76;94;28;36;34;6;26;214;49;107;21;39;6;83;77;14;88;54;24;45;92
24;243;84;102;600;64;110;176;93;122;61;86;53;63;91;100;129;36;50;59;8;34;319;64;157;30;63;7;124;111;24;117;66;37;64;137
25;75;27;41;197;24;40;50;21;43;19;31;15;21;37;31;55;12;14;18;3;12;86;20;41;8;15;3;43;23;6;42;24;9;27;51
26;86;30;53;214;21;35;50;31;47;28;36;18;26;47;40;70;10;22;18;3;15;129;24;57;8;17;3;44;42;7;50;22;11;29;60
27;125;43;55;360;36;56;88;52;64;27;48;24;26;47;61;80;15;31;30;3;18;203;37;83;15;26;4;66;64;12;69;38;15;32;70
28;172;60;63;395;46;92;125;58;85;42;62;37;43;59;76;104;29;37;38;5;24;236;47;115;19;38;5;79;64;13;81;44;26;41;86
29;0;0;0;0;0;0;0;0;0;0;0;0;0;0;0;0;0;0;0;0;0;0;0;0;0;0;0;0;0;0;0;0;0;0;0
30;180;58;67;419;45;87;106;70;79;35;66;34;40;74;70;84;25;33;39;6;23;251;49;109;18;39;5;83;82;13;85;48;24;44;95
31;205;78;84;618;66;119;184;94;104;56;83;49;57;93;101;118;38;47;55;7;29;293;57;127;29;55;8;116;99;22;120;63;41;57;131
32;145;55;66;406;48;82;111;59;75;37;56;31;39;61;76;77;22;33;34;6;22;213;50;101;18;37;5;87;77;14;84;53;22;48;78
33;178;53;68;424;54;82;111;55;61;40;59;33;39;72;62;79;26;30;36;6;22;232;52;104;21;38;6;71;88;18;83;50;20;41;85
34;121;35;48;344;34;47;62;47;56;30;48;20;26;44;59;60;14;19;24;4;17;150;35;56;12;24;4;48;63;8;59;37;16;29;56
35;106;36;52;320;46;38;101;51;66;31;46;23;31;50;60;63;20;28;23;4;16;172;39;84;13;36;4;68;55;11;71;40;21;33;66
36;0;0;0;0;0;0;0;0;0;0;0;0;0;0;0;0;0;0;0;0;0;0;0;0;0;0;0;0;0;0;0;0;0;0;0
37;134;51;54;432;48;75;110;70;76;35;60;33;33;69;79;79;25;38;39;6;20;246;45;106;19;38;4;85;70;16;73;44;26;40;92
38;112;48;60;340;36;63;87;64;68;34;52;29;28;42;75;69;21;21;29;5;18;201;37;93;15;37;4;64;53;13;64;38;17;34;60
39;107;36;50;304;30;41;70;39;44;28;46;20;27;50;50;57;12;25;22;3;16;107;28;63;12;31;4;49;56;10;58;29;10;34;55
40;132;37;44;266;33;45;80;53;52;29;47;25;26;44;58;60;20;19;22;5;19;186;31;60;16;28;4;45;60;8;66;37;20;29;64
41;152;55;75;508;48;74;113;63;83;47;67;37;38;65;82;98;28;36;39;5;22;244;52;115;19;39;5;73;79;14;93;45;25;41;97
42;180;69;75;479;56;93;117;74;91;45;61;38;48;68;71;89;31;38;47;6;26;266;54;106;21;47;6;107;85;24;100;57;28;47;97
43;0;0;0;0;0;0;0;0;0;0;0;0;0;0;0;0;0;0;0;0;0;0;0;0;0;0;0;0;0;0;0;0;0;0;0
44;146;46;57;298;35;57;69;50;53;33;58;22;23;46;63;78;16;27;25;3;18;185;35;63;16;32;4;64;61;9;71;32;18;30;69
45;283;101;106;695;81;134;210;115;140;72;109;54;59;107;136;144;43;59;69;8;40;412;71;173;34;66;9;162;118;27;148;81;40;69;143
46;130;49;52;366;29;56;75;54;64;35;50;23;27;45;62;71;14;24;24;4;17;173;32;67;17;29;4;79;59;10;59;33;15;36;65
47;49;20;22;90;16;10;31;19;20;13;25;11;8;7;29;28;5;12;12;1;4;40;13;21;4;9;2;36;20;2;24;11;7;12;33
48;123;55;65;392;46;59;76;50;64;34;53;30;28;52;65;66;23;29;34;4;19;170;39;74;16;30;4;63;57;9;76;37;16;39;70
49;240;93;87;672;71;109;176;99;113;70;92;51;52;90;118;124;39;56;56;8;33;325;68;171;30;56;8;126;115;24;124;73;39;62;130
50;0;0;0;0;0;0;0;0;0;0;0;0;0;0;0;0;0;0;0;0;0;0;0;0;0;0;0;0;0;0;0;0;0;0;0
51;121;36;58;285;36;73;94;56;69;33;45;27;30;54;58;71;21;29;27;4;17;189;34;72;15;24;4;66;67;7;64;38;13;36;68
52;178;71;76;606;61;109;141;91;110;56;82;46;49;85;115;117;27;50;42;6;30;284;59;135;22;55;6;112;95;24;110;64;34;51;103
53;175;59;78;468;60;103;127;77;89;46;71;38;44;73;92;102;35;46;37;6;28;233;50;112;20;50;6;94;83;20;102;57;27;44;87
54;167;48;66;407;44;83;108;55;78;37;54;26;42;60;73;85;22;31;32;5;22;211;45;100;17;37;4;71;69;15;85;46;22;40;90
55;138;48;64;459;45;71;100;54;72;34;49;25;34;67;70;81;19;31;35;5;23;187;47;106;20;38;5;56;67;13;82;42;23;40;73
56;206;70;80;527;64;111;164;94;104;52;68;42;46;87;104;123;33;50;49;8;30;264;60;146;27;48;7;105;108;24;104;61;32;50;110
57;0;0;0;0;0;0;0;0;0;0;0;0;0;0;0;0;0;0;0;0;0;0;0;0;0;0;0;0;0;0;0;0;0;0;0
58;135;45;52;393;38;65;100;56;69;36;55;30;34;59;67;81;24;32;35;4;18;178;40;76;15;38;4;79;66;13;73;40;21;38;64
59;208;71;78;564;53;103;135;86;102;53;63;41;47;79;96;108;30;48;46;7;32;287;54;109;24;56;7;110;100;17;88;55;31;55;103
60;88;27;42;255;32;43;59;41;48;26;36;23;24;45;44;48;13;26;19;3;15;142;29;59;11;28;4;49;49;7;58;29;16;25;57
61;71;22;37;199;22;36;34;28;52;19;34;17;17;25;30;37;6;19;19;1;11;94;16;39;6;16;3;29;30;6;38;18;8;24;40
62;179;63;79;522;59;96;135;84;99;50;68;40;47;78;102;106;30;39;47;6;27;268;55;139;22;44;6;105;98;22;105;55;29;47;96
63;121;47;44;304;37;58;87;45;62;30;52;26;24;43;63;65;13;29;27;3;16;189;40;59;15;30;4;58;39;8;55;41;12;31;65
64;0;0;0;0;0;0;0;0;0;0;0;0;0;0;0;0;0;0;0;0;0;0;0;0;0;0;0;0;0;0;0;0;0;0;0
65;195;64;77;571;60;96;153;82;99;49;77;43;48;78;102;110;28;44;41;6;27;302;56;146;24;42;6;106;94;20;109;60;31;57;104
66;67;23;55;266;28;37;48;34;59;25;38;19;24;32;39;45;11;18;18;3;13;92;30;45;9;20;3;43;42;6;48;24;10;27;59
67;216;79;89;505;64;102;150;83;97;54;73;41;45;75;85;111;29;40;46;6;32;292;51;137;23;50;6;90;90;20;111;63;31;50;104
68;145;51;62;362;42;78;108;50;67;35;41;33;36;43;62;75;18;33;29;3;20;204;38;103;18;38;4;75;63;11;64;33;22;42;65
69;63;27;44;226;29;43;40;35;42;26;32;15;19;35;45;45;9;18;11;3;16;50;31;36;12;22;3;42;27;7;47;21;11;29;59
70;152;49;56;345;42;78;84;60;75;35;52;29;30;49;68;61;22;30;34;5;24;177;37;97;17;36;5;71;58;13;75;39;24;33;70
71;0;0;0;0;0;0;0;0;0;0;0;0;0;0;0;0;0;0;0;0;0;0;0;0;0;0;0;0;0;0;0;0;0;0;0
72;179;64;69;460;55;89;115;69;97;50;65;37;44;71;65;78;24;42;42;6;25;245;46;108;22;46;6;99;80;14;93;57;27;44;88
73;118;34;58;340;37;46;66;57;67;34;46;26;24;37;66;62;14;30;27;3;18;174;36;78;16;22;4;59;65;8;60;33;13;34;57
74;155;53;64;394;43;81;122;80;72;35;59;37;33;72;75;85;26;33;37;6;24;217;42;88;20;37;6;86;72;11;81;54;24;41;69
75;143;49;59;392;47;67;89;61;76;37;55;33;35;69;65;81;24;29;34;5;23;196;48;86;14;38;6;75;72;13;72;44;23;38;78
76;74;30;38;248;22;44;52;27;47;24;37;21;19;33;52;46;9;21;14;3;16;118;26;45;9;22;3;34;35;7;41;29;12;20;59
77;48;18;35;158;16;10;35;22;32;9;18;11;12;21;29;26;5;17;10;1;7;48;11;24;5;9;2;24;21;2;16;10;5;13;36
78;0;0;0;0;0;0;0;0;0;0;0;0;0;0;0;0;0;0;0;0;0;0;0;0;0;0;0;0;0;0;0;0;0;0;0
79;163;57;65;402;52;100;121;69;82;39;61;31;35;53;77;96;25;37;37;5;26;226;42;106;22;44;5;83;70;13;88;41;25;39;78
80;92;32;49;242;30;42;40;39;49;24;35;17;24;30;40;59;13;24;25;3;11;95;26;51;12;22;4;49;40;7;56;22;11;25;59
81;163;59;66;439;46;73;94;61;76;36;60;30;37;59;73;83;26;36;35;4;23;232;50;127;17;39;4;77;79;16;77;40;19;45;84
82;70;23;40;160;25;55;55;26;45;18;36;14;18;28;44;33;16;16;16;3;8;113;22;43;10;17;3;47;49;7;49;22;8;25;51
83;170;56;77;498;50;81;122;69;75;39;65;35;31;65;80;99;21;36;37;6;21;233;47;101;20;45;6;88;78;17;85;48;28;41;101
84;72;27;26;147;22;19;42;20;39;11;22;14;17;20;35;23;10;10;18;1;9;98;18;26;7;19;2;27;25;3;30;21;6;15;45
85;0;0;0;0;0;0;0;0;0;0;0;0;0;0;0;0;0;0;0;0;0;0;0;0;0;0;0;0;0;0;0;0;0;0;0
86;207;81;83;546;58;102;166;88;104;56;81;49;50;82;95;115;37;46;47;8;32;311;61;152;29;55;8;108;85;24;115;60;30;51;111
87;148;54;67;410;40;83;106;68;78;38;59;33;36;53;72;90;23;35;39;5;24;210;51;99;18;41;4;66;63;16;87;46;23;38;81
88;130;35;44;262;29;42;51;49;64;33;47;19;25;40;47;65;17;20;20;3;15;117;31;46;13;22;4;51;53;6;55;23;14;30;60
89;111;29;48;285;34;55;67;41;66;27;45;24;27;46;61;61;15;25;27;3;17;172;32;79;16;21;3;54;47;7;69;34;15;36;56
90;195;69;80;512;58;101;147;87;109;53;69;44;47;83;99;102;36;50;47;8;31;273;58;136;28;45;8;115;89;22;119;66;33;50;106
91;95;34;43;289;25;40;68;37;57;32;40;19;21;37;45;50;14;21;25;3;14;119;31;57;17;27;3;39;53;8;54;33;13;32;58
92;0;0;0;0;0;0;0;0;0;0;0;0;0;0;0;0;0;0;0;0;0;0;0;0;0;0;0;0;0;0;0;0;0;0;0
93;89;30;48;220;33;37;52;38;47;26;35;20;23;37;53;56;13;25;21;3;12;113;23;64;12;21;4;44;39;8;50;25;8;31;56
94;169;54;69;414;53;76;110;62;73;40;56;36;32;67;67;84;23;35;34;5;27;212;49;100;20;37;6;83;78;13;80;46;25;47;91
95;73;28;38;189;26;41;69;25;45;24;34;15;22;43;40;56;15;17;19;3;12;126;30;40;10;23;2;48;48;7;49;20;11;30;40
96;132;55;55;348;42;75;75;55;62;35;55;28;28;52;71;79;17;33;28;5;18;175;34;80;18;36;4;68;65;13;67;44;16;33;72
97;216;73;85;603;63;105;158;82;98;58;74;47;51;94;107;118;36;52;51;8;31;308;60;148;30;52;7;119;106;23;124;72;36;50;115
98;236;89;93;638;76;119;187;88;113;74;92;52;54;92;136;120;36;51;64;8;33;325;67;166;29;60;8;134;120;31;123;69;44;60;129
99;0;0;0;0;0;0;0;0;0;0;0;0;0;0;0;0;0;0;0;0;0;0;0;0;0;0;0;0;0;0;0;0;0;0;0
100;60;17;32;169;16;31;27;17;40;13;24;10;15;17;29;34;5;12;11;1;9;76;18;26;7;11;2;36;22;2;36;14;7;17;39
101;214;65;78;639;65;112;189;96;95;55;79;49;53;83;89;96;34;49;50;8;32;288;60;151;26;56;7;112;96;22;110;61;37;56;122
102;101;40;50;278;30;67;99;48;56;33;35;21;28;44;65;63;18;27;22;3;16;148;29;64;13;19;4;56;59;8;53;31;15;33;65
103;160;40;65;427;48;86;91;53;74;44;59;32;32;53;77;88;22;38;35;5;25;234;38;101;18;44;6;76;74;13;82;46;19;45;87
104;129;49;52;379;49;75;92;57;74;29;54;29;33;52;68;70;15;26;31;4;18;191;30;91;17;36;5;74;55;16;80;39;21;38;79
105;106;39;48;301;33;55;74;45;55;31;35;22;24;43;50;59;14;24;25;3;16;119;31;54;14;20;3;71;57;7;51;39;13;31;69
106;0;0;0;0;0;0;0;0;0;0;0;0;0;0;0;0;0;0;0;0;0;0;0;0;0;0;0;0;0;0;0;0;0;0;0
107;89;25;41;238;24;43;49;26;42;21;36;18;23;29;50;57;8;19;17;3;13;126;22;40;11;19;4;42;38;5;49;23;10;27;54
108;38;8;28;122;15;10;29;9;18;6;14;3;6;10;22;19;4;3;6;1;3;40;9;14;4;11;2;14;18;2;15;9;4;11;23
109;92;31;49;264;36;51;90;42;45;31;43;21;28;44;44;52;14;21;26;4;17;171;28;59;13;20;4;64;50;6;62;35;15;24;60
110;160;40;55;298;38;70;95;47;65;35;55;30;25;60;62;83;16;33;29;3;22;180;37;63;15;32;4;59;66;12;54;36;23;38;66
111;169;57;61;497;54;78;77;75;91;42;62;33;38;59;76;93;24;40;37;6;22;250;49;106;19;27;5;92;82;21;92;40;24;46;90
112;131;43;54;339;36;56;81;43;60;29;51;25;23;51;60;65;13;33;31;3;20;208;37;65;18;30;5;68;68;10;65;38;14;35;66
113;0;0;0;0;0;0;0;0;0;0;0;0;0;0;0;0;0;0;0;0;0;0;0;0;0;0;0;0;0;0;0;0;0;0;0
114;82;36;34;205;22;28;42;24;46;23;31;20;22;32;38;39;10;16;18;2;10;98;28;49;8;16;2;36;33;7;42;22;9;29;46
115;42;16;29;134;16;17;27;20;28;14;27;12;15;17;35;33;6;10;12;1;10;74;16;30;4;13;2;24;25;4;29;18;7;16;34
116;157;59;63;423;43;63;116;77;81;36;48;32;37;54;79;94;23;32;31;5;27;211;40;93;18;38;5;68;62;12;71;50;23;37;87
117;189;73;79;527;61;116;134;86;102;57;72;46;49;77;106;128;35;40;45;8;31;310;63;139;24;48;7;115;106;19;117;61;33;54;105
118;38;12;28;133;12;10;17;5;25;6;11;7;15;20;29;18;5;13;6;1;6;29;10;12;4;9;2;15;19;2;17;11;4;12;21
119;107;29;51;263;36;47;55;30;48;19;31;20;27;39;42;47;16;22;20;4;18;151;23;66;7;23;3;49;52;9;38;23;10;22;54
120;0;0;0;0;0;0;0;0;0;0;0;0;0;0;0;0;0;0;0;0;0;0;0;0;0;0;0;0;0;0;0;0;0;0;0
121;104;37;44;246;28;52;61;38;60;26;38;22;24;45;61;57;13;19;21;3;15;118;28;48;9;23;4;57;45;7;47;34;11;28;59
122;95;31;43;212;27;32;45;31;52;20;36;20;17;37;44;37;8;20;23;3;14;129;33;42;10;18;2;36;39;7;46;37;9;27;51
123;153;54;75;440;53;87;117;65;81;43;64;32;37;73;85;89;23;32;28;5;25;256;47;113;19;41;6;85;71;13;105;51;23;40;92
124;168;55;68;404;54;71;123;57;75;38;62;30;40;69;87;76;26;32;37;6;22;235;38;106;21;46;6;80;85;15;81;41;23;47;83
125;53;22;39;188;22;35;36;25;30;21;27;14;17;26;34;41;6;16;15;1;7;84;16;37;7;15;2;33;36;5;38;21;7;22;38
126;170;65;79;504;61;109;143;76;88;46;71;42;41;80;85;95;27;39;43;6;30;240;50;107;19;45;6;82;84;15;98;66;33;47;91
127;0;0;0;0;0;0;0;0;0;0;0;0;0;0;0;0;0;0;0;0;0;0;0;0;0;0;0;0;0;0;0;0;0;0;0
128;76;29;40;229;28;48;56;25;39;22;47;15;20;34;38;34;12;23;17;3;11;102;29;46;8;15;4;48;45;6;43;27;9;27;58
129;128;42;59;296;42;48;101;50;76;35;45;23;30;56;64;74;16;23;30;3;20;176;42;82;17;33;4;82;60;8;70;40;23;39;82
130;109;45;58;374;42;68;85;56;69;35;54;27;33;58;68;70;19;27;23;5;19;183;37;80;15;37;4;69;54;13;77;45;21;33;62
131;70;25;38;211;20;32;52;25;45;16;39;13;20;33;35;55;10;18;19;2;12;92;23;36;8;15;4;40;30;3;48;27;12;28;49
132;60;23;37;155;16;19;30;24;26;15;21;13;17;23;34;26;4;13;13;1;5;83;14;24;5;13;2;29;24;2;29;11;4;11;30
133;86;31;44;195;25;35;52;30;42;20;37;21;23;34;41;50;11;18;21;3;13;105;26;45;9;23;3;46;43;7;49;27;10;28;47
134;0;0;0;0;0;0;0;0;0;0;0;0;0;0;0;0;0;0;0;0;0;0;0;0;0;0;0;0;0;0;0;0;0;0;0
135;84;42;51;286;28;34;73;38;56;22;28;24;24;35;49;57;16;18;20;3;12;184;27;56;13;20;3;46;50;9;58;31;15;25;59
136;180;62;79;499;50;96;124;89;98;50;73;35;43;77;83;89;33;39;46;6;30;245;56;127;23;40;6;98;89;16;96;55;29;49;96
137;144;43;62;376;52;99;98;60;73;34;52;34;37;66;68;80;27;34;31;6;21;200;42;102;14;36;4;70;70;13;74;40;20;41;87
138;65;22;36;146;21;30;36;23;33;22;18;15;13;26;32;39;5;12;14;1;10;69;17;34;6;14;2;22;32;4;27;16;9;14;35
139;93;30;43;201;19;42;39;33;45;23;34;17;19;29;44;58;12;18;24;2;12;118;22;44;13;15;2;41;36;6;52;26;12;28;53
140;161;48;64;404;53;67;101;62;79;35;59;30;33;55;67;81;24;36;28;5;21;243;42;112;16;37;4;82;73;15;91;49;23;40;82
141;0;0;0;0;0;0;0;0;0;0;0;0;0;0;0;0;0;0;0;0;0;0;0;0;0;0;0;0;0;0;0;0;0;0;0
142;103;38;46;191;28;41;56;44;54;25;43;23;21;43;57;44;14;20;17;4;16;128;24;45;7;18;4;45;48;8;61;28;13;28;58
143;128;48;57;338;45;58;92;57;62;31;60;25;37;66;67;80;24;26;30;4;22;203;46;72;17;38;4;64;70;11;75;38;17;34;72
144;125;42;52;319;33;60;96;51;75;35;45;26;25;49;57;60;21;29;27;3;16;199;30;72;17;29;4;51;53;12;57;35;14;35;64
145;212;71;81;493;56;90;115;74;81;50;72;38;39;70;90;108;29;39;45;6;27;220;48;130;21;39;6;102;88;17;91;50;28;43;88
146;179;65;78;490;58;95;116;87;87;46;64;36;41;76;96;112;26;43;43;6;30;270;49;116;26;47;7;95;88;16;103;53;32;49;107
147;169;66;85;543;55;105;149;88;96;51;71;40;52;78;97;107;31;37;47;8;31;274;56;132;24;54;8;97;91;24;103;60;31;52;105
148;0;0;0;0;0;0;0;0;0;0;0;0;0;0;0;0;0;0;0;0;0;0;0;0;0;0;0;0;0;0;0;0;0;0;0
149;141;43;61;282;46;66;92;41;62;31;48;23;25;61;64;73;23;30;32;4;17;165;31;86;15;24;4;74;66;13;62;38;15;37;61
150;180;63;66;482;54;90;128;90;94;48;71;40;37;64;89;82;23;34;40;6;25;261;52;126;21;38;8;96;83;13;100;46;27;45;86
151;80;21;45;200;23;35;36;35;44;23;43;19;21;31;39;48;8;18;21;3;12;122;26;50;10;18;4;32;36;5;50;28;11;29;49
152;126;37;57;343;36;67;86;49;68;30;46;25;27;46;56;79;17;27;22;3;19;189;39;74;15;27;4;58;62;8;62;36;16;39;70
153;145;50;61;416;53;82;104;64;78;36;63;36;30;59;73;74;23;30;38;3;22;183;49;86;17;38;5;75;72;15;73;45;25;46;93
154;150;43;61;389;48;78;109;66;73;38;64;28;31;59;73;77;18;31;28;5;23;199;43;108;15;34;4;72;66;13;69;49;23;40;83
155;0;0;0;0;0;0;0;0;0;0;0;0;0;0;0;0;0;0;0;0;0;0;0;0;0;0;0;0;0;0;0;0;0;0;0
156;93;38;43;304;29;55;62;52;60;28;37;21;23;44;50;61;8;25;19;4;16;117;33;70;10;21;3;52;53;10;61;33;13;32;52
157;196;67;78;476;54;102;155;74;92;43;72;47;44;77;92;102;35;42;40;6;28;261;48;129;23;49;6;102;94;24;101;59;33;48;94
158;41;13;20;95;13;10;12;10;24;4;18;8;8;14;19;22;5;9;6;1;8;41;10;23;5;7;2;15;14;2;26;13;4;14;32
159;160;51;65;451;42;88;118;61;79;40;58;30;35;63;87;99;25;36;39;6;23;239;50;109;17;36;4;95;76;14;70;55;25;43;79
160;128;37;61;332;35;65;91;50;56;33;50;25;38;47;69;75;18;27;29;5;20;172;39;54;16;34;4;70;64;12;67;43;17;35;70
161;101;27;48;233;32;34;69;40;43;28;36;19;24;32;55;50;12;23;25;3;13;113;32;56;8;29;4;32;33;7;56;32;11;28;54
162;0;0;0;0;0;0;0;0;0;0;0;0;0;0;0;0;0;0;0;0;0;0;0;0;0;0;0;0;0;0;0;0;0;0;0
163;196;68;75;508;61;87;159;88;95;54;80;37;48;84;91;120;34;44;47;8;29;272;58;146;23;48;6;102;89;22;99;64;31;50;106
164;134;57;68;380;44;73;99;72;85;33;66;30;39;58;76;87;23;35;38;5;22;204;48;99;14;35;6;62;72;13;69;47;24;44;73
165;101;35;55;291;27;52;89;52;62;28;45;24;24;42;53;61;17;19;27;5;16;162;31;62;14;24;4;50;51;10;57;31;15;29;67
166;106;41;51;284;36;57;86;55;72;31;55;25;27;49;66;58;20;29;26;5;16;169;31;51;13;28;4;68;46;7;64;35;14;36;49
167;93;35;47;290;28;50;79;42;58;32;47;23;27;43;51;51;14;26;21;3;15;134;34;56;12;31;4;58;52;6;60;30;12;28;65
168;102;35;46;319;36;46;74;40;66;30;43;24;27;45;66;57;14;30;23;3;18;172;31;73;15;25;4;48;47;7;62;28;14;25;60
169;0;0;0;0;0;0;0;0;0;0;0;0;0;0;0;0;0;0;0;0;0;0;0;0;0;0;0;0;0;0;0;0;0;0;0
170;96;36;42;283;32;44;60;48;56;26;42;21;26;44;49;57;13;23;22;3;16;99;30;58;12;22;4;44;50;8;54;34;14;30;61
171;245;81;102;705;69;119;187;103;114;64;93;50;59;108;124;124;34;56;57;8;42;337;65;166;31;61;8;132;112;26;131;75;37;58;134
172;159;50;67;453;52;78;114;63;84;42;72;34;34;77;72;94;29;38;38;6;23;232;53;116;22;36;6;93;86;17;81;45;24;44;87
173;137;40;48;253;34;68;86;46;55;29;44;25;24;46;64;58;14;28;21;3;19;183;33;70;15;31;4;50;49;12;67;26;15;34;67
174;65;21;37;166;24;32;39;28;38;17;27;16;21;24;43;36;6;18;15;2;13;69;25;43;7;20;3;24;25;7;31;22;9;16;38
175;197;66;77;497;52;104;128;70;98;42;71;38;47;76;85;106;26;43;43;6;26;268;56;122;23;52;6;122;91;15;100;56;29;51;106
176;0;0;0;0;0;0;0;0;0;0;0;0;0;0;0;0;0;0;0;0;0;0;0;0;0;0;0;0;0;0;0;0;0;0;0
177;119;33;43;280;28;48;64;30;51;27;40;21;24;46;47;57;11;26;19;3;20;141;24;60;13;18;4;44;54;6;47;27;19;31;59
178;155;46;66;390;51;75;81;53;84;40;56;36;36;61;67;83;23;27;35;5;19;232;47;112;21;39;5;73;66;16;73;42;19;42;73
179;238;84;103;681;68;114;167;102;105;64;92;50;55;90;128;126;39;54;53;8;34;332;64;157;30;60;8;133;124;28;130;72;33;59;129
180;150;54;57;324;40;65;96;51;76;35;51;26;30;43;62;73;18;39;27;5;20;181;37;81;17;36;4;68;57;10;60;42;17;39;87
181;168;61;66;470;47;88;141;64;81;39;63;35;38;74;82;84;22;38;35;5;22;263;46;116;21;40;6;82;67;13;95;47;27;41;91
182;220;78;83;632;63;110;156;89;109;60;81;47;52;85;105;116;38;50;48;8;32;286;57;154;29;58;7;119;104;23;115;73;39;57;116
183;0;0;0;0;0;0;0;0;0;0;0;0;0;0;0;0;0;0;0;0;0;0;0;0;0;0;0;0;0;0;0;0;0;0;0
184;148;45;58;350;45;70;81;47;79;35;51;32;31;50;68;55;20;26;36;5;18;201;37;104;16;32;6;74;67;13;71;38;23;38;77
185;198;67;82;491;56;99;127;79;86;41;69;37;39;77;94;111;34;41;46;8;26;254;49;115;22;47;6;91;100;15;93;49;30;48;107
186;189;73;84;538;55;93;123;80;90;45;77;43;41;79;100;108;31;47;46;7;27;291;53;138;23;48;7;98;82;15;109;57;31;51;109
187;74;23;32;157;24;31;21;20;35;15;27;12;12;22;26;29;6;13;17;2;11;64;17;15;7;13;2;23;24;2;30;20;6;16;23
188;106;48;60;360;39;67;72;59;61;29;52;32;28;54;68;83;17;30;29;3;23;185;29;83;17;22;4;56;68;9;64;43;16;33;73
189;80;32;49;286;29;49;53;51;53;27;40;20;25;37;46;49;14;22;19;3;12;108;30;54;13;19;4;43;48;8;53;25;10;27;49
190;0;0;0;0;0;0;0;0;0;0;0;0;0;0;0;0;0;0;0;0;0;0;0;0;0;0;0;0;0;0;0;0;0;0;0
191;125;41;62;379;47;50;95;53;66;34;56;23;36;50;64;76;16;26;29;4;18;176;36;89;15;27;4;55;67;8;73;44;18;27;66
192;138;36;56;312;42;64;95;47;60;25;47;26;28;49;65;51;12;23;26;5;14;165;43;84;13;31;4;46;61;8;63;31;13;30;74
193;111;35;51;275;32;59;51;42;53;27;36;20;22;38;42;49;13;22;23;2;12;124;27;47;14;17;4;45;36;7;63;30;15;30;56
194;3;0;4;5;1;0;0;0;2;0;1;0;0;0;2;1;1;0;0;0;0;2;0;1;0;0;0;0;0;0;2;0;0;0;2
195;32;8;22;47;7;5;6;4;14;5;10;3;7;5;18;11;3;3;2;0;3;28;8;9;2;2;2;13;6;1;10;5;2;6;20
196;101;27;43;264;25;31;39;35;49;18;27;18;21;42;43;38;14;20;19;3;12;97;28;46;12;13;4;41;37;5;53;22;9;27;53
197;0;0;0;0;0;0;0;0;0;0;0;0;0;0;0;0;0;0;0;0;0;0;0;0;0;0;0;0;0;0;0;0;0;0;0
198;47;17;32;176;21;28;37;25;22;19;27;11;18;22;32;43;9;12;8;2;6;71;18;40;7;16;2;23;24;2;29;22;7;18;37
199;35;9;27;80;12;12;16;13;13;9;24;10;7;7;21;17;5;9;4;1;3;36;16;9;4;6;2;17;18;1;16;11;4;12;20
200;49;25;40;153;21;25;29;20;28;13;27;10;14;25;28;31;6;16;13;1;8;79;12;29;6;12;2;23;32;2;35;14;8;17;28
201;128;37;55;261;37;68;88;44;63;31;42;28;23;42;59;83;15;25;27;4;18;173;32;66;14;32;4;55;45;8;57;45;16;31;63
202;46;16;28;163;18;24;44;13;40;12;22;10;15;23;33;19;7;11;13;1;8;39;18;20;4;9;2;27;19;3;21;16;10;16;32
203;61;18;35;177;17;33;46;22;35;18;29;15;17;28;36;39;11;15;14;3;12;87;17;45;7;12;3;32;40;6;36;20;9;27;34
204;0;0;0;0;0;0;0;0;0;0;0;0;0;0;0;0;0;0;0;0;0;0;0;0;0;0;0;0;0;0;0;0;0;0;0
205;59;16;31;199;18;28;35;17;35;13;29;11;18;22;37;26;6;15;12;3;10;59;16;37;5;15;2;36;24;4;42;14;4;15;40
206;103;31;44;349;32;41;67;54;54;24;33;22;21;46;49;58;15;23;25;3;15;109;26;60;14;23;4;39;40;9;52;23;10;30;65
207;28;10;21;73;13;8;13;11;17;7;16;4;6;8;20;14;4;4;9;1;2;34;8;10;2;6;2;18;9;2;13;7;4;8;27
208;90;30;38;215;25;37;50;32;51;24;38;18;22;25;44;47;11;21;24;3;11;75;28;41;11;15;3;34;35;6;43;15;6;29;54
209;143;45;64;300;40;63;108;57;75;34;55;33;35;47;67;82;24;38;30;5;21;187;37;85;19;35;4;63;79;12;70;44;15;32;67
210;73;22;33;225;20;13;38;23;40;23;27;17;15;21;41;39;9;15;15;1;9;84;19;35;7;15;3;33;28;4;36;21;7;17;44
211;0;0;0;0;0;0;0;0;0;0;0;0;0;0;0;0;0;0;0;0;0;0;0;0;0;0;0;0;0;0;0;0;0;0;0
212;39;15;24;164;25;20;22;17;41;14;24;10;13;20;26;31;7;10;11;1;9;49;10;30;6;11;2;33;18;6;29;21;7;15;41
213;168;62;72;462;62;95;119;80;91;49;67;35;45;78;83;108;32;44;37;6;28;262;54;125;21;54;6;86;88;22;111;52;28;43;102
214;41;12;25;125;16;28;24;16;20;10;14;8;13;27;37;23;5;11;11;1;9;65;10;22;5;10;2;21;27;2;29;15;5;15;36
215;44;13;31;154;22;24;31;25;30;6;24;11;15;29;28;29;6;12;13;1;11;84;13;33;7;12;2;20;21;2;32;18;8;16;39
216;28;5;17;61;5;4;10;7;15;3;8;4;6;5;16;10;4;5;2;0;2;18;6;7;2;2;1;6;10;1;13;4;1;4;14
217;64;32;31;234;24;41;49;33;38;21;21;22;22;22;44;57;8;17;15;1;12;78;14;32;11;15;2;36;45;2;44;21;9;20;38
218;0;0;0;0;0;0;0;0;0;0;0;0;0;0;0;0;0;0;0;0;0;0;0;0;0;0;0;0;0;0;0;0;0;0;0
219;77;23;41;194;18;31;52;28;47;22;30;14;24;30;40;45;8;17;19;2;9;66;19;45;8;15;2;41;37;3;42;30;7;30;49
220;24;7;18;53;6;7;10;3;14;5;8;2;6;2;12;12;3;0;4;0;3;13;6;7;4;4;1;9;5;1;13;8;2;7;21
221;45;10;30;126;18;20;36;18;47;11;29;11;13;19;31;30;5;10;11;1;7;59;11;26;6;11;2;26;26;2;19;14;6;14;33
222;44;10;19;80;11;12;16;5;22;8;11;9;8;9;18;24;5;8;5;1;7;25;11;12;4;7;2;12;10;1;18;10;4;11;14
223;119;34;62;282;33;51;85;45;76;29;49;24;28;45;63;56;19;32;26;3;14;159;34;50;15;23;4;63;60;9;52;33;12;30;69
224;68;23;39;217;25;29;40;25;44;20;35;14;15;19;28;44;11;15;22;1;9;84;18;55;10;15;2;36;31;3;37;20;8;20;38
225;0;0;0;0;0;0;0;0;0;0;0;0;0;0;0;0;0;0;0;0;0;0;0;0;0;0;0;0;0;0;0;0;0;0;0
226;48;13;32;115;15;12;28;9;38;16;17;12;12;15;25;25;5;11;14;1;9;52;14;31;5;10;2;24;19;2;25;17;7;14;30
227;133;49;60;362;37;74;91;59;83;33;56;29;27;64;70;77;22;38;34;5;24;238;39;103;19;39;5;76;79;12;72;46;24;33;69
228;59;18;40;252;24;42;37;27;44;24;30;18;23;38;40;40;9;12;19;3;12;113;23;41;11;18;3;28;27;8;44;25;13;27;57
229;48;8;38;160;16;29;34;10;24;11;20;11;11;21;29;33;5;10;11;1;8;59;18;13;8;13;2;17;17;4;25;16;4;16;34
230;78;31;43;236;25;23;66;30;58;27;30;15;21;37;41;55;15;20;18;3;13;86;15;36;12;17;3;36;36;6;40;25;9;26;60
231;92;39;40;257;27;48;63;36;45;21;35;20;23;35;47;50;14;21;15;2;17;82;28;43;10;22;4;44;37;6;45;29;9;17;48
232;0;0;0;0;0;0;0;0;0;0;0;0;0;0;0;0;0;0;0;0;0;0;0;0;0;0;0;0;0;0;0;0;0;0;0
233;48;14;40;142;19;23;35;12;29;13;35;14;17;28;39;24;6;14;12;2;9;86;22;22;6;17;2;28;30;3;32;19;7;23;41
234;85;30;46;275;27;43;64;47;49;28;43;18;21;33;57;54;14;22;22;3;14;112;26;91;7;22;4;43;46;8;38;38;15;28;46
235;26;7;27;93;9;11;20;10;17;7;22;6;11;6;19;17;4;4;9;1;3;19;7;13;4;3;2;18;18;1;12;7;3;11;16
236;124;49;57;290;42;63;78;57;65;34;42;21;30;47;60;70;22;28;26;4;16;157;29;97;17;32;4;73;59;10;60;40;16;38;70
237;24;8;19;52;8;3;12;9;16;4;14;1;5;5;18;12;3;6;2;0;3;24;7;6;2;6;1;13;5;1;13;6;2;8;18
238;56;15;40;143;15;18;33;22;23;10;16;12;11;12;27;30;6;13;11;1;8;73;12;35;7;9;2;24;29;2;28;12;6;15;36
239;0;0;0;0;0;0;0;0;0;0;0;0;0;0;0;0;0;0;0;0;0;0;0;0;0;0;0;0;0;0;0;0;0;0;0
240;103;34;49;250;36;58;64;45;53;30;40;20;24;40;56;52;17;24;27;3;12;158;37;46;11;22;3;42;54;6;68;38;13;33;62
241;151;50;62;410;48;60;104;57;60;35;50;30;36;53;66;86;23;30;37;5;18;209;38;97;17;43;4;68;68;13;82;52;21;40;69
242;25;9;21;63;10;16;15;10;16;5;11;4;9;10;21;17;4;6;7;1;3;23;10;8;3;6;2;14;10;2;16;9;3;5;17
243;102;46;58;281;39;64;92;65;70;35;58;27;26;52;65;79;26;32;26;3;19;163;41;72;14;34;4;65;54;8;65;43;23;33;76
244;101;33;54;360;39;60;87;53;61;32;49;26;24;50;75;69;15;29;29;3;17;168;31;101;15;41;4;52;62;13;65;38;22;38;81
245;148;37;61;385;34;57;68;39;62;31;48;25;25;51;70;71;19;35;25;3;18;192;36;84;15;26;4;73;60;9;77;40;13;32;69
246;0;0;0;0;0;0;0;0;0;0;0;0;0;0;0;0;0;0;0;0;0;0;0;0;0;0;0;0;0;0;0;0;0;0;0
247;43;14;29;160;21;26;37;21;25;11;20;11;12;21;23;34;4;10;10;1;8;38;11;29;5;9;2;20;15;2;22;11;5;16;29
248;157;58;62;428;48;80;101;66;80;34;54;32;39;47;64;80;22;31;29;5;22;210;49;93;14;34;6;85;71;15;91;39;23;43;80
249;49;9;26;148;15;9;29;20;32;9;18;7;13;22;20;21;5;14;8;1;4;64;10;16;5;14;2;23;20;3;21;14;7;14;32
250;149;47;60;345;35;68;106;66;53;40;45;28;32;59;68;77;14;34;23;5;18;143;37;79;15;35;5;81;56;13;66;37;20;34;85
251;216;73;83;583;68;102;174;91;108;58;79;46;52;85;112;125;35;47;49;8;30;281;66;126;29;59;8;110;101;23;115;58;38;52;106
252;159;66;70;482;54;76;125;69;98;52;66;34;34;65;79;100;27;35;34;5;24;236;49;110;22;42;6;90;80;17;95;53;27;46;92
253;0;0;0;0;0;0;0;0;0;0;0;0;0;0;0;0;0;0;0;0;0;0;0;0;0;0;0;0;0;0;0;0;0;0;0
254;180;61;69;476;48;90;127;62;93;41;66;39;38;66;84;97;28;40;39;5;27;251;49;117;22;40;6;95;80;16;107;50;30;46;78
255;141;48;64;392;42;75;98;66;74;35;59;29;37;55;65;67;18;36;33;5;20;199;41;63;16;35;4;71;72;14;84;41;21;39;70
256;126;43;46;250;29;57;65;50;51;31;47;21;27;48;48;68;12;29;21;4;14;163;37;53;12;30;4;75;62;13;66;32;13;31;64
257;105;41;46;341;42;63;80;42;62;38;43;22;25;49;57;48;19;20;25;3;17;139;37;59;13;23;4;54;52;9;64;28;16;33;63
258;210;76;84;624;60;107;200;89;106;51;88;46;51;81;105;122;33;51;51;7;32;297;68;149;28;58;7;122;109;23;117;67;32;51;118
259;115;36;61;324;36;53;83;48;59;30;43;22;23;37;61;63;20;25;25;3;16;170;36;88;13;34;4;57;49;13;57;29;19;29;56
260;0;0;0;0;0;0;0;0;0;0;0;0;0;0;0;0;0;0;0;0;0;0;0;0;0;0;0;0;0;0;0;0;0;0;0
261;163;67;78;519;49;104;138;81;92;51;70;38;39;73;84;113;33;39;42;6;27;294;50;121;21;48;6;87;85;18;97;51;30;47;93
262;232;91;100;599;70;109;174;99;112;65;86;48;54;103;110;127;37;53;52;8;32;309;68;176;29;62;8;133;115;23;128;75;37;59;121
263;63;26;38;152;22;29;35;25;45;20;26;12;18;32;40;37;8;17;13;1;11;94;22;44;8;11;2;33;22;4;26;18;7;18;41
264;129;41;59;299;42;60;73;51;65;38;43;31;27;59;70;70;20;25;29;5;17;205;39;70;15;27;4;71;72;10;76;39;22;35;63
265;126;41;56;293;34;70;83;56;65;31;44;24;31;54;70;78;23;27;33;3;16;162;31;89;16;31;4;50;53;8;73;31;20;28;71
266;183;59;77;465;53;94;126;80;86;50;66;43;38;79;90;98;25;39;43;6;29;275;45;108;22;40;6;84;82;16;108;60;27;44;100
267;0;0;0;0;0;0;0;0;0;0;0;0;0;0;0;0;0;0;0;0;0;0;0;0;0;0;0;0;0;0;0;0;0;0;0
268;209;64;74;507;58;97;126;82;91;50;69;45;38;68;90;101;25;38;43;6;28;257;53;115;21;42;6;101;84;16;98;51;24;48;92
269;144;51;60;402;44;59;93;55;76;35;58;29;32;41;65;80;21;30;34;5;22;180;39;75;15;37;4;72;71;12;69;36;23;41;84
270;86;35;44;271;26;44;69;46;56;27;41;19;24;35;47;54;16;21;26;3;13;141;30;53;12;20;4;46;48;7;58;33;12;27;56
271;125;45;61;387;46;75;87;52;65;35;44;24;27;54;64;78;18;30;28;5;23;183;39;82;17;34;4;59;65;13;61;38;12;40;64
272;171;63;72;468;58;85;112;78;92;44;66;40;43;80;85;98;25;37;40;6;29;234;53;105;20;48;6;98;82;14;95;50;25;45;90
273;91;37;48;301;30;41;84;43;60;33;42;20;23;46;57;51;13;30;19;4;15;121;32;67;11;19;4;49;58;7;63;37;12;35;53
274;0;0;0;0;0;0;0;0;0;0;0;0;0;0;0;0;0;0;0;0;0;0;0;0;0;0;0;0;0;0;0;0;0;0;0
275;67;27;41;227;25;36;49;34;43;20;30;13;16;32;43;42;5;20;19;3;9;78;25;41;9;19;2;36;23;4;32;25;9;19;44
276;272;95;105;755;73;147;220;136;145;80;106;59;66;106;148;141;46;64;64;9;38;403;75;163;32;69;11;160;136;37;139;85;47;65;140
277;180;61;81;508;57;109;166;82;99;56;76;42;41;81;95;106;29;46;48;6;28;281;55;125;23;53;6;101;90;23;96;57;35;50;97
278;188;73;75;572;58;105;156;79;105;54;80;46;46;89;96;114;32;46;49;8;30;307;49;135;24;54;7;103;93;21;105;59;34;50;118
279;109;37;55;293;37;58;95;35;55;30;52;24;25;44;67;62;15;23;26;3;18;155;38;78;13;36;4;65;66;8;70;38;16;30;60
280;212;70;77;459;52;95;159;75;100;50;71;40;41;76;86;107;34;44;40;5;28;311;53;122;25;48;6;117;89;21;94;56;26;39;99
281;0;0;0;0;0;0;0;0;0;0;0;0;0;0;0;0;0;0;0;0;0;0;0;0;0;0;0;0;0;0;0;0;0;0;0
282;187;70;76;570;56;99;156;97;108;51;79;46;45;83;106;121;29;41;48;6;31;286;60;146;27;50;8;105;96;20;118;64;31;50;92
283;116;46;69;439;42;64;108;55;78;33;63;33;32;48;67;67;23;30;25;4;21;192;30;86;15;41;4;78;65;10;71;41;24;29;66
284;94;33;58;232;26;60;85;32;55;30;42;23;30;42;58;78;11;26;26;3;17;149;30;82;14;33;4;49;45;6;63;35;18;31;60
285;103;44;57;384;38;67;86;51;71;27;52;27;33;57;71;85;20;30;26;5;21;178;37;71;17;36;4;79;56;10;79;37;16;34;65
286;162;56;64;407;50;71;116;61;81;34;61;35;35;52;79;86;22;32;39;5;16;235;47;104;16;39;6;86;70;12;84;39;24;41;89
287;220;82;83;633;68;127;147;92;110;51;78;47;51;86;125;111;30;47;50;8;30;311;57;155;28;48;8;113;107;24;117;71;33;49;120
288;0;0;0;0;0;0;0;0;0;0;0;0;0;0;0;0;0;0;0;0;0;0;0;0;0;0;0;0;0;0;0;0;0;0;0
289;142;42;59;384;40;68;115;51;76;35;55;24;32;58;64;76;20;36;24;4;18;176;34;97;18;37;4;79;60;10;76;41;17;39;81
290;187;64;74;463;56;78;123;68;109;51;67;37;38;82;88;81;24;40;42;6;28;250;54;123;20;46;6;92;74;18;97;46;28;48;96
291;198;67;78;500;59;95;130;71;92;51;72;40;44;71;92;102;26;45;42;6;26;267;55;136;21;51;6;95;86;18;88;54;27;46;106
292;81;35;44;255;32;35;54;33;46;22;42;19;24;47;47;53;14;22;17;3;9;158;30;44;12;19;4;40;41;8;53;27;9;28;59
293;94;36;42;249;27;35;66;35;52;22;42;19;22;37;56;56;13;25;29;3;16;147;28;57;12;21;4;59;43;10;53;31;17;34;49
294;77;30;42;258;27;32;38;37;47;24;38;20;22;32;49;45;7;17;23;3;13;140;28;61;13;30;3;45;44;7;55;22;13;21;59
295;0;0;0;0;0;0;0;0;0;0;0;0;0;0;0;0;0;0;0;0;0;0;0;0;0;0;0;0;0;0;0;0;0;0;0
296;72;22;43;180;23;32;38;27;37;22;24;15;18;28;40;42;8;20;17;3;11;107;21;34;7;17;2;23;30;4;41;23;8;17;51
297;283;100;111;802;79;151;233;119;143;80;102;56;61;118;143;156;43;61;73;10;47;388;74;191;35;75;10;144;139;33;149;94;48;67;157
298;125;40;62;340;39;73;92;55;64;34;47;30;32;53;64;75;18;34;27;5;17;187;37;84;13;34;4;57;57;9;62;37;14;38;67
299;179;57;77;474;53;85;106;67;69;46;62;34;39;66;84;95;30;39;39;5;24;257;49;112;21;39;5;83;85;12;83;45;22;48;89
300;138;36;50;354;36;64;97;51;64;28;47;23;28;49;58;73;18;27;27;5;17;166;27;62;15;27;5;59;53;13;65;40;19;34;68
301;141;44;59;349;46;63;92;61;68;33;46;31;31;51;67;77;22;28;34;5;18;161;43;89;16;38;4;65;64;11;56;37;18;40;71
302;0;0;0;0;0;0;0;0;0;0;0;0;0;0;0;0;0;0;0;0;0;0;0;0;0;0;0;0;0;0;0;0;0;0;0
303;153;52;64;394;45;68;115;52;85;41;62;30;38;61;78;86;22;35;36;5;24;204;46;105;20;43;4;79;57;15;78;40;24;34;87
304;229;63;76;567;59;112;150;86;102;56;70;46;46;76;112;113;37;43;50;8;32;314;61;125;29;58;8;125;96;24;118;63;38;50;117
305;56;15;31;153;21;24;35;24;35;19;22;13;18;22;23;30;5;14;13;1;7;58;23;38;5;12;2;17;25;2;24;27;7;19;35
306;101;49;56;316;38;63;69;44;63;29;42;28;31;42;63;51;17;25;25;3;17;178;31;92;14;36;4;50;60;8;62;30;17;34;69
307;96;21;42;226;21;42;39;32;42;19;23;11;17;26;39;52;12;16;16;3;12;39;13;46;9;15;2;32;36;2;38;16;8;22;47
308;57;18;40;164;21;19;46;34;31;24;23;15;19;25;37;36;12;15;16;3;11;117;14;35;6;11;2;46;28;3;32;14;7;17;44
309;0;0;0;0;0;0;0;0;0;0;0;0;0;0;0;0;0;0;0;0;0;0;0;0;0;0;0;0;0;0;0;0;0;0;0
310;209;71;83;571;63;109;156;83;99;55;79;51;49;82;103;126;30;47;47;8;30;276;63;149;24;55;6;104;94;23;112;66;32;55;106
311;175;75;74;509;54;96;133;75;95;46;75;34;47;75;94;108;33;42;39;6;27;272;51;117;21;47;6;108;86;22;110;58;31;49;97
312;204;77;76;625;55;99;165;91;96;52;74;43;48;82;105;119;34;48;50;6;32;280;60;145;28;55;7;117;87;22;113;55;36;50;112
313;98;36;40;212;29;26;63;33;44;24;36;21;17;42;50;37;13;14;17;3;13;126;33;44;9;17;3;48;44;6;52;32;14;28;55
314;196;67;90;510;52;95;124;69;84;42;71;41;44;75;99;102;27;47;45;6;26;296;57;106;22;50;6;101;101;19;100;55;29;45;82
315;96;44;62;338;32;50;92;52;70;32;48;28;26;44;55;69;17;28;22;4;19;187;34;72;11;29;5;63;47;12;53;38;18;31;85
316;0;0;0;0;0;0;0;0;0;0;0;0;0;0;0;0;0;0;0;0;0;0;0;0;0;0;0;0;0;0;0;0;0;0;0
317;112;45;61;268;34;60;99;49;57;32;46;22;26;45;63;64;14;26;25;4;15;161;33;64;15;35;4;49;52;7;64;37;18;32;61
318;260;97;108;656;77;127;187;106;124;71;90;53;55;109;132;129;42;59;62;8;36;379;68;170;32;67;8;130;126;24;137;76;44;62;138
319;74;31;55;206;26;49;46;26;54;26;29;13;19;44;55;43;14;21;18;2;15;89;31;39;10;21;3;35;47;7;43;25;12;33;58
320;88;36;54;240;32;58;57;47;46;28;38;19;20;38;45;55;15;18;25;3;16;128;34;51;12;24;4;54;56;5;53;31;13;38;62
321;67;28;43;256;27;33;61;30;49;22;37;16;19;39;44;41;13;20;20;3;15;126;28;47;8;20;4;49;40;5;50;26;9;27;53
322;258;85;78;655;66;112;165;99;111;64;77;51;54;84;108;126;37;47;57;8;32;314;67;155;28;59;8;111;102;26;136;61;33;57;115
323;0;0;0;0;0;0;0;0;0;0;0;0;0;0;0;0;0;0;0;0;0;0;0;0;0;0;0;0;0;0;0;0;0;0;0
324;181;75;77;579;61;91;165;88;106;56;82;47;49;84;89;121;34;44;49;6;32;288;60;120;23;52;8;99;102;23;112;69;34;58;112
325;154;50;64;376;49;69;106;50;70;42;58;28;30;58;71;62;18;30;32;4;23;214;33;113;15;36;4;57;64;13;71;47;16;38;69
326;152;34;60;383;40;54;95;41;67;35;41;30;31;45;62;75;13;28;25;4;21;171;36;60;17;33;4;64;48;12;60;38;16;36;61
327;155;54;65;393;42;75;106;70;80;35;57;31;34;63;81;75;20;30;33;5;24;168;43;95;17;35;5;86;73;13;77;43;24;43;83
328;114;31;49;294;32;53;63;53;46;28;42;23;27;44;63;59;14;24;25;3;14;152;33;64;11;29;4;59;53;8;53;35;15;35;56
329;145;47;67;343;45;74;100;61;80;33;53;28;27;58;68;85;19;30;32;4;22;211;37;88;14;38;4;75;60;13;83;39;20;38;78
330;0;0;0;0;0;0;0;0;0;0;0;0;0;0;0;0;0;0;0;0;0;0;0;0;0;0;0;0;0;0;0;0;0;0;0
331;89;37;57;318;39;63;79;45;71;28;48;24;25;49;61;54;17;28;23;3;13;170;31;81;16;30;4;64;54;10;72;34;18;37;68
332;227;88;93;689;65;128;193;108;118;67;90;52;58;91;115;129;39;57;58;8;35;357;64;157;32;61;8;135;102;27;114;72;39;64;122
333;110;40;49;301;27;60;73;40;53;33;49;23;27;51;64;67;15;30;26;4;16;175;38;75;15;27;4;52;53;11;62;35;16;32;68
334;223;71;87;550;67;123;143;97;108;61;81;49;50;79;115;124;36;48;51;8;32;323;63;136;28;53;8;99;86;24;119;68;36;50;114
335;104;31;53;345;33;64;80;49;53;30;47;22;26;48;62;51;20;29;26;3;17;171;32;67;18;26;4;64;50;13;56;31;14;26;63
336;208;78;85;550;63;104;148;92;107;61;81;45;54;70;104;117;36;49;52;6;31;309;63;140;26;57;7;109;109;24;115;67;34;54;108
337;0;0;0;0;0;0;0;0;0;0;0;0;0;0;0;0;0;0;0;0;0;0;0;0;0;0;0;0;0;0;0;0;0;0;0
338;312;109;118;827;81;139;225;123;149;78;111;62;75;119;150;157;48;69;72;11;42;410;79;207;41;79;9;161;148;32;149;93;48;69;155
339;305;105;114;789;81;146;216;119;138;70;122;62;75;116;142;139;48;62;75;10;44;426;79;191;40;71;9;154;144;36;157;89;47;72;166
340;197;76;73;452;57;95;158;81;91;57;70;40;45;80;94;106;29;49;51;6;28;255;60;129;23;47;6;99;105;20;106;53;27;50;97
341;94;28;48;266;30;46;52;41;46;28;45;18;19;42;54;62;10;21;20;3;12;145;28;43;13;21;3;38;46;6;54;27;11;29;46
342;183;74;80;577;54;103;160;83;88;59;81;42;44;82;101;112;31;42;46;6;29;281;64;115;28;49;6;103;99;23;106;68;31;49;107
343;202;67;80;514;60;88;136;87;102;54;80;47;42;83;97;100;35;48;43;7;30;262;55;121;24;51;7;111;104;20;98;65;36;52;109
344;0;0;0;0;0;0;0;0;0;0;0;0;0;0;0;0;0;0;0;0;0;0;0;0;0;0;0;0;0;0;0;0;0;0;0
345;80;38;38;248;25;57;58;39;53;26;43;22;27;48;40;55;15;25;28;3;21;182;32;68;13;35;3;61;56;7;55;34;15;28;60
346;244;97;88;701;80;112;176;105;117;74;88;55;60;95;106;135;40;59;61;10;38;358;70;206;33;74;8;122;120;25;122;80;45;68;146
347;306;108;119;839;92;146;228;136;143;76;112;54;73;131;161;160;44;66;70;11;42;386;87;212;39;81;11;175;126;39;160;91;47;72;152
348;214;71;79;530;69;111;155;90;97;52;76;44;37;76;109;99;35;41;43;6;29;254;54;118;28;51;6;96;92;23;107;48;30;48;112
349;271;108;113;845;93;156;215;128;142;87;107;64;70;121;143;152;53;69;73;13;47;425;83;232;38;74;11;165;148;37;169;95;53;71;161
350;218;76;92;566;64;114;131;91;86;44;72;47;49;72;107;115;32;46;50;8;32;331;55;148;27;52;6;107;100;23;108;59;34;51;98
351;0;0;0;0;0;0;0;0;0;0;0;0;0;0;0;0;0;0;0;0;0;0;0;0;0;0;0;0;0;0;0;0;0;0;0
352;251;80;91;571;73;101;180;107;110;62;82;51;59;96;128;131;40;56;52;9;32;322;62;167;28;55;8;130;109;24;122;73;39;50;136
353;275;90;96;728;83;129;199;115;128;75;107;53;61;103;132;139;44;65;75;9;41;425;70;172;36;75;8;134;114;29;126;84;48;72;137
354;237;85;93;511;67;113;171;93;117;61;80;49;53;93;121;128;40;48;54;8;32;280;62;149;29;61;8;119;104;28;129;70;32;57;123
355;275;91;99;699;82;138;208;110;143;76;98;58;58;105;142;135;45;53;65;8;32;390;74;200;39;66;9;161;121;33;138;69;43;67;129
356;232;73;84;516;59;116;180;83;98;46;74;47;50;87;100;107;31;50;47;8;29;280;53;133;23;53;7;130;93;23;95;64;37;51;109
357;344;109;120;939;98;159;267;130;160;82;122;65;72;133;155;173;54;69;80;13;47;493;83;209;42;81;10;165;162;38;148;96;50;78;168
358;0;0;0;0;0;0;0;0;0;0;0;0;0;0;0;0;0;0;0;0;0;0;0;0;0;0;0;0;0;0;0;0;0;0;0
359;119;43;52;283;28;48;73;53;62;30;48;21;30;48;64;72;15;27;27;3;13;190;29;65;16;27;4;61;49;10;53;36;20;29;70
360;202;78;77;602;57;100;161;88;109;53;87;44;51;89;103;108;35;50;48;7;32;293;58;141;28;56;7;124;85;24;109;70;39;49;107
361;256;91;101;732;78;124;194;96;131;65;92;51;60;97;133;137;42;55;58;8;33;337;73;168;31;64;8;136;124;23;125;70;46;65;132
362;220;69;81;579;65;109;155;88;102;56;77;43;47;92;101;109;31;44;46;6;27;295;62;134;27;50;7;111;94;22;103;64;33;49;115
363;253;82;100;643;71;114;182;98;112;63;81;48;59;84;108;121;40;53;56;8;37;337;66;161;29;62;8;117;107;24;133;76;39;61;125
364;283;94;111;747;88;141;197;112;138;72;104;55;62;114;125;145;47;65;65;9;43;390;70;173;38;72;10;143;121;29;133;82;42;68;134
365;0;0;0;0;0;0;0;0;0;0;0;0;0;0;0;0;0;0;0;0;0;0;0;0;0;0;0;0;0;0;0;0;0;0;0
