Square,Population,Male,Female,Age0-14,Age15-24,Age25-44,Age45-64,Age65+,Households,Single-person households,Multi-person households w/o kids,Single parent households,Two-parent households,Houses,Home ownership %,Rental %,Social housing %,Vacant houses,Avg. home value,Urbanization index,Median household income,Percentage low income households,Percentage high income households,Distance nearest supermarket in km,X,Y,Male.prop,Female.prop,Age0-14.prop,Age15-24.prop,Age25-44.prop,Age45-64.prop,Age65+.prop,Single-person households.prop,Multi-person households w/o kids.prop,Single parent households.prop,Two-parent households.prop,hold_house_ratio,pop_house_ratio,pop_hold_ratio,Income_median
E1725N3160,3,1.0,2.0,1.0,0.0,2.0,0.0,0.0,1.0,0.0,0.0,0.0,1.0,1.0,0.0,0.0,0.0,0.0,,,,,,,3676.249942,33402.28,33.33333333333333,66.66666666666666,33.33333333333333,0.0,66.66666666666666,0.0,0.0,0.0,0.0,0.0,100.0,1.0,3.0,3.0,
E1725N3170,175,95.0,80.0,15.0,30.0,15.0,70.0,45.0,70.0,10.0,30.0,0.0,25.0,70.0,100.0,0.0,0.0,0.0,409.0,4.0,60-80 above middle,,,"1,5",3676.249942,42640.61,54.285714285714285,45.714285714285715,8.571428571428571,17.142857142857142,8.571428571428571,40.0,25.71428571428571,14.285714285714285,42.857142857142854,0.0,35.714285714285715,1.0,2.5,2.5,70.0
E1725N3180,3,1.0,2.0,1.0,0.0,2.0,0.0,0.0,1.0,0.0,0.0,0.0,1.0,1.0,0.0,0.0,0.0,0.0,,,,,,,3676.249942,51878.94,33.33333333333333,66.66666666666666,33.33333333333333,0.0,66.66666666666666,0.0,0.0,0.0,0.0,0.0,100.0,1.0,3.0,3.0,
E1725N3185,3,2.0,1.0,1.0,0.0,2.0,0.0,0.0,1.0,0.0,0.0,0.0,1.0,1.0,0.0,0.0,0.0,0.0,,,,,,,3676.249942,56498.105,66.66666666666666,33.33333333333333,33.33333333333333,0.0,66.66666666666666,0.0,0.0,0.0,0.0,0.0,100.0,1.0,3.0,3.0,
E1725N3190,3,1.0,2.0,1.0,0.0,2.0,0.0,0.0,1.0,0.0,0.0,0.0,1.0,1.0,0.0,0.0,0.0,0.0,,,,,,,3676.249942,61117.27,33.33333333333333,66.66666666666666,33.33333333333333,0.0,66.66666666666666,0.0,0.0,0.0,0.0,0.0,100.0,1.0,3.0,3.0,
E1725N3195,3,2.0,1.0,1.0,0.0,2.0,0.0,0.0,1.0,0.0,0.0,0.0,1.0,1.0,0.0,0.0,0.0,0.0,,,,,,,3676.249942,65736.435,66.66666666666666,33.33333333333333,33.33333333333333,0.0,66.66666666666666,0.0,0.0,0.0,0.0,0.0,100.0,1.0,3.0,3.0,
E1730N3150,3,2.0,1.0,1.0,0.0,2.0,0.0,0.0,1.0,0.0,0.0,0.0,1.0,1.0,0.0,0.0,0.0,0.0,,,,,,,10871.16661,24163.95,66.66666666666666,33.33333333333333,33.33333333333333,0.0,66.66666666666666,0.0,0.0,0.0,0.0,0.0,100.0,1.0,3.0,3.0,
E1730N3155,3,1.0,2.0,1.0,0.0,2.0,0.0,0.0,1.0,0.0,0.0,0.0,1.0,1.0,0.0,0.0,0.0,0.0,,,,,,,10871.16661,28783.115,33.33333333333333,66.66666666666666,33.33333333333333,0.0,66.66666666666666,0.0,0.0,0.0,0.0,0.0,100.0,1.0,3.0,3.0,
E1730N3160,435,200.0,230.0,45.0,30.0,75.0,120.0,160.0,220.0,75.0,85.0,20.0,40.0,215.0,20.0,80.0,80.0,0.0,179.0,3.0,20-60 below middle to middle,53.0,7.0,"0,5",10871.16661,33402.28,45.97701149425287,52.87356321839081,10.344827586206897,6.896551724137931,17.24137931034483,27.586206896551722,36.7816091954023,34.090909090909086,38.63636363636363,9.090909090909092,18.181818181818183,1.0232558139534884,2.0232558139534884,1.9772727272727273,40.0
E1730N3165,1815,900.0,915.0,210.0,210.0,375.0,565.0,455.0,950.0,440.0,240.0,85.0,185.0,925.0,50.0,50.0,425.0,15.0,172.0,2.0,20-60 below middle to middle,51.0,11.0,"0,6",10871.16661,38021.445,49.586776859504134,50.413223140495866,11.570247933884298,11.570247933884298,20.66115702479339,31.129476584022036,25.068870523415974,46.31578947368421,25.263157894736842,8.947368421052632,19.473684210526315,1.027027027027027,1.962162162162162,1.9105263157894736,40.0
E1730N3170,1975,995.0,980.0,265.0,295.0,400.0,755.0,260.0,805.0,180.0,250.0,55.0,320.0,795.0,80.0,20.0,75.0,10.0,263.0,2.0,60-80 above middle,22.0,28.0,"1,2",10871.16661,42640.61,50.37974683544304,49.62025316455696,13.41772151898734,14.936708860759493,20.253164556962027,38.22784810126582,13.164556962025317,22.36024844720497,31.05590062111801,6.832298136645963,39.75155279503105,1.0125786163522013,2.4842767295597485,2.453416149068323,70.0
E1730N3175,140,75.0,70.0,15.0,30.0,20.0,65.0,10.0,50.0,5.0,10.0,0.0,30.0,40.0,100.0,0.0,0.0,0.0,350.0,3.0,60-100 above middle to high,,,"1,3",10871.16661,47259.775,53.57142857142857,50.0,10.714285714285714,21.428571428571427,14.285714285714285,46.42857142857143,7.142857142857142,10.0,20.0,0.0,60.0,1.25,3.5,2.8,80.0
E1730N3180,3,1.0,2.0,1.0,0.0,2.0,0.0,0.0,1.0,0.0,0.0,0.0,1.0,1.0,0.0,0.0,0.0,0.0,,4.0,,,,,10871.16661,51878.94,33.33333333333333,66.66666666666666,33.33333333333333,0.0,66.66666666666666,0.0,0.0,0.0,0.0,0.0,100.0,1.0,3.0,3.0,
E1730N3185,90,40.0,45.0,10.0,10.0,15.0,40.0,10.0,40.0,10.0,20.0,0.0,10.0,40.0,90.0,0.0,0.0,0.0,275.0,3.0,40-80 middle to above middle,,,"0,8",10871.16661,56498.105,44.44444444444444,50.0,11.11111111111111,11.11111111111111,16.666666666666664,44.44444444444444,11.11111111111111,25.0,50.0,0.0,25.0,1.0,2.25,2.25,60.0
E1730N3190,1050,505.0,545.0,170.0,85.0,265.0,260.0,270.0,450.0,125.0,160.0,35.0,125.0,440.0,40.0,60.0,240.0,10.0,203.0,3.0,20-40 below middle,49.0,7.0,"0,7",10871.16661,61117.27,48.095238095238095,51.90476190476191,16.19047619047619,8.095238095238095,25.238095238095237,24.761904761904763,25.71428571428571,27.77777777777778,35.55555555555556,7.777777777777778,27.77777777777778,1.0227272727272727,2.3863636363636362,2.3333333333333335,30.0
E1730N3200,3,1.0,2.0,1.0,0.0,2.0,0.0,0.0,1.0,0.0,0.0,0.0,1.0,1.0,0.0,0.0,0.0,0.0,,,,,,,10871.16661,70355.6,33.33333333333333,66.66666666666666,33.33333333333333,0.0,66.66666666666666,0.0,0.0,0.0,0.0,0.0,100.0,1.0,3.0,3.0,
E1730N3205,3,2.0,1.0,1.0,0.0,2.0,0.0,0.0,1.0,0.0,0.0,0.0,1.0,1.0,0.0,0.0,0.0,0.0,,,,,,,10871.16661,74974.765,66.66666666666666,33.33333333333333,33.33333333333333,0.0,66.66666666666666,0.0,0.0,0.0,0.0,0.0,100.0,1.0,3.0,3.0,
E1735N3145,3,1.0,2.0,1.0,0.0,2.0,0.0,0.0,1.0,0.0,0.0,0.0,1.0,1.0,0.0,0.0,0.0,0.0,,,,,,,18066.08328,19544.785,33.33333333333333,66.66666666666666,33.33333333333333,0.0,66.66666666666666,0.0,0.0,0.0,0.0,0.0,100.0,1.0,3.0,3.0,
E1735N3150,3,1.0,2.0,1.0,0.0,2.0,0.0,0.0,1.0,0.0,0.0,0.0,1.0,1.0,0.0,0.0,0.0,0.0,,5.0,,,,,18066.08328,24163.95,33.33333333333333,66.66666666666666,33.33333333333333,0.0,66.66666666666666,0.0,0.0,0.0,0.0,0.0,100.0,1.0,3.0,3.0,
E1735N3155,630,305.0,325.0,115.0,40.0,145.0,140.0,190.0,275.0,80.0,110.0,10.0,80.0,280.0,70.0,30.0,35.0,0.0,258.0,4.0,40-80 middle to above middle,32.0,24.0,"0,9",18066.08328,28783.115,48.41269841269841,51.587301587301596,18.253968253968253,6.349206349206349,23.015873015873016,22.22222222222222,30.158730158730158,29.09090909090909,40.0,3.6363636363636362,29.09090909090909,0.9821428571428571,2.25,2.290909090909091,60.0
E1735N3160,650,315.0,335.0,85.0,85.0,120.0,170.0,190.0,305.0,100.0,120.0,20.0,65.0,280.0,60.0,40.0,60.0,10.0,268.0,2.0,40-60 midden,40.0,14.0,"0,5",18066.08328,33402.28,48.46153846153846,51.53846153846153,13.076923076923078,13.076923076923078,18.461538461538463,26.153846153846157,29.230769230769234,32.78688524590164,39.34426229508197,6.557377049180328,21.311475409836063,1.0892857142857142,2.3214285714285716,2.1311475409836067,50.0
E1735N3165,1895,940.0,950.0,210.0,140.0,390.0,515.0,640.0,1035.0,485.0,315.0,75.0,155.0,1035.0,40.0,60.0,500.0,20.0,164.0,2.0,20-40 below middle,58.0,6.0,"0,3",18066.08328,38021.445,49.6042216358839,50.131926121372025,11.081794195250659,7.387862796833773,20.58047493403694,27.176781002638524,33.773087071240106,46.85990338164252,30.434782608695656,7.246376811594203,14.975845410628018,1.0,1.8309178743961352,1.8309178743961352,30.0
E1735N3170,1480,715.0,765.0,170.0,205.0,340.0,425.0,335.0,805.0,375.0,205.0,80.0,135.0,765.0,50.0,50.0,285.0,20.0,165.0,2.0,20-60 below middle to middle,50.0,10.0,"0,7",18066.08328,42640.61,48.310810810810814,51.689189189189186,11.486486486486488,13.85135135135135,22.972972972972975,28.716216216216218,22.635135135135133,46.58385093167702,25.465838509316768,9.937888198757763,16.77018633540373,1.0522875816993464,1.934640522875817,1.8385093167701863,40.0
E1735N3175,855,390.0,470.0,155.0,85.0,200.0,225.0,195.0,405.0,145.0,105.0,70.0,80.0,395.0,30.0,70.0,250.0,5.0,160.0,2.0,20-40 below middle,63.0,5.0,"0,9",18066.08328,47259.775,45.614035087719294,54.97076023391813,18.128654970760234,9.941520467836257,23.391812865497073,26.31578947368421,22.807017543859647,35.80246913580247,25.925925925925924,17.28395061728395,19.753086419753085,1.0253164556962024,2.1645569620253164,2.111111111111111,30.0
E1735N3180,810,395.0,415.0,120.0,85.0,235.0,205.0,160.0,425.0,205.0,90.0,55.0,75.0,420.0,10.0,90.0,390.0,10.0,123.0,2.0,20-40 below middle,75.0,4.0,1,18066.08328,51878.94,48.76543209876543,51.23456790123457,14.814814814814813,10.493827160493826,29.01234567901235,25.308641975308642,19.753086419753085,48.23529411764706,21.176470588235293,12.941176470588237,17.647058823529413,1.0119047619047619,1.9285714285714286,1.9058823529411764,30.0
E1735N3185,295,140.0,155.0,35.0,35.0,55.0,85.0,85.0,140.0,45.0,50.0,15.0,30.0,140.0,30.0,70.0,75.0,5.0,167.0,2.0,20-40 below middle,56.0,7.0,"0,7",18066.08328,56498.105,47.45762711864407,52.54237288135594,11.864406779661017,11.864406779661017,18.64406779661017,28.8135593220339,28.8135593220339,32.142857142857146,35.714285714285715,10.714285714285714,21.428571428571427,1.0,2.107142857142857,2.107142857142857,30.0
E1735N3190,1860,860.0,1000.0,175.0,150.0,335.0,520.0,680.0,1045.0,515.0,305.0,80.0,140.0,1025.0,20.0,80.0,770.0,10.0,156.0,2.0,20-40 below middle,72.0,4.0,"0,4",18066.08328,61117.27,46.236559139784944,53.76344086021505,9.408602150537634,8.064516129032258,18.010752688172044,27.956989247311824,36.55913978494624,49.282296650717704,29.1866028708134,7.655502392344498,13.397129186602871,1.0195121951219512,1.8146341463414635,1.7799043062200957,30.0
E1735N3195,480,235.0,250.0,65.0,35.0,95.0,155.0,130.0,235.0,75.0,85.0,35.0,40.0,245.0,30.0,70.0,150.0,10.0,164.0,3.0,20-40 below middle,53.0,3.0,"0,5",18066.08328,65736.435,48.95833333333333,52.083333333333336,13.541666666666666,7.291666666666667,19.791666666666664,32.29166666666667,27.083333333333332,31.914893617021278,36.17021276595745,14.893617021276595,17.02127659574468,0.9591836734693877,1.9591836734693877,2.0425531914893615,30.0
E1735N3205,3,1.0,2.0,1.0,0.0,2.0,0.0,0.0,1.0,0.0,0.0,0.0,1.0,1.0,0.0,0.0,0.0,0.0,,,,,,,18066.08328,74974.765,33.33333333333333,66.66666666666666,33.33333333333333,0.0,66.66666666666666,0.0,0.0,0.0,0.0,0.0,100.0,1.0,3.0,3.0,
E1740N3140,3,1.0,2.0,1.0,0.0,2.0,0.0,0.0,1.0,0.0,0.0,0.0,1.0,1.0,0.0,0.0,0.0,0.0,,,,,,,25260.99994,14925.62,33.33333333333333,66.66666666666666,33.33333333333333,0.0,66.66666666666666,0.0,0.0,0.0,0.0,0.0,100.0,1.0,3.0,3.0,
E1740N3155,305,145.0,160.0,35.0,30.0,45.0,95.0,100.0,135.0,25.0,65.0,5.0,35.0,135.0,90.0,10.0,0.0,0.0,326.0,4.0,60-80 above middle,15.0,33.0,"1,1",25260.99994,28783.115,47.540983606557376,52.459016393442624,11.475409836065573,9.836065573770492,14.754098360655737,31.147540983606557,32.78688524590164,18.51851851851852,48.148148148148145,3.7037037037037033,25.925925925925924,1.0,2.259259259259259,2.259259259259259,70.0
E1740N3160,705,350.0,355.0,80.0,85.0,100.0,215.0,225.0,325.0,95.0,135.0,15.0,85.0,320.0,90.0,10.0,0.0,20.0,479.0,3.0,60-80 above middle,13.0,44.0,1,25260.99994,33402.28,49.645390070921984,50.35460992907801,11.347517730496454,12.056737588652481,14.184397163120568,30.49645390070922,31.914893617021278,29.230769230769234,41.53846153846154,4.615384615384616,26.153846153846157,1.015625,2.203125,2.169230769230769,70.0
E1740N3165,845,435.0,410.0,95.0,90.0,170.0,280.0,205.0,375.0,100.0,155.0,10.0,110.0,380.0,90.0,10.0,25.0,10.0,241.0,2.0,40-80 middle to above middle,22.0,25.0,"0,7",25260.99994,38021.445,51.4792899408284,48.5207100591716,11.242603550295858,10.650887573964498,20.118343195266274,33.13609467455622,24.2603550295858,26.666666666666668,41.333333333333336,2.666666666666667,29.333333333333332,0.9868421052631579,2.223684210526316,2.2533333333333334,60.0
E1740N3170,1355,630.0,725.0,130.0,210.0,300.0,315.0,405.0,765.0,355.0,255.0,40.0,105.0,705.0,80.0,20.0,0.0,25.0,192.0,1.0,40-60 midden,36.0,10.0,"0,4",25260.99994,42640.61,46.494464944649444,53.50553505535055,9.59409594095941,15.498154981549817,22.14022140221402,23.247232472324722,29.88929889298893,46.40522875816993,33.33333333333333,5.228758169934641,13.725490196078432,1.0851063829787233,1.9219858156028369,1.7712418300653594,50.0
E1740N3175,835,395.0,440.0,95.0,105.0,195.0,220.0,225.0,450.0,205.0,145.0,25.0,75.0,420.0,50.0,40.0,125.0,10.0,206.0,1.0,40-60 midden,45.0,12.0,"0,6",25260.99994,47259.775,47.30538922155689,52.69461077844312,11.377245508982035,12.574850299401197,23.353293413173652,26.34730538922156,26.94610778443114,45.55555555555556,32.22222222222222,5.555555555555555,16.666666666666664,1.0714285714285714,1.9880952380952381,1.8555555555555556,50.0
E1740N3180,745,385.0,365.0,80.0,65.0,195.0,245.0,155.0,440.0,235.0,100.0,45.0,55.0,475.0,10.0,90.0,430.0,45.0,118.0,1.0,20-40 below middle,77.0,2.0,"0,7",25260.99994,51878.94,51.67785234899329,48.99328859060403,10.738255033557047,8.724832214765101,26.174496644295303,32.88590604026846,20.80536912751678,53.40909090909091,22.727272727272727,10.227272727272728,12.5,0.9263157894736842,1.568421052631579,1.6931818181818181,30.0
E1740N3185,1595,790.0,805.0,240.0,230.0,395.0,420.0,305.0,840.0,410.0,175.0,115.0,135.0,840.0,10.0,80.0,690.0,35.0,140.0,1.0,20-40 below middle,72.0,2.0,"0,7",25260.99994,56498.105,49.52978056426332,50.470219435736674,15.047021943573668,14.420062695924765,24.76489028213166,26.332288401253916,19.122257053291534,48.80952380952381,20.833333333333336,13.690476190476192,16.071428571428573,1.0,1.8988095238095237,1.8988095238095237,30.0
E1740N3190,1790,815.0,975.0,175.0,175.0,345.0,485.0,615.0,1000.0,510.0,250.0,75.0,160.0,1020.0,30.0,70.0,670.0,45.0,162.0,2.0,20-40 below middle,67.0,6.0,"0,5",25260.99994,61117.27,45.530726256983236,54.46927374301676,9.776536312849162,9.776536312849162,19.273743016759777,27.09497206703911,34.357541899441344,51.0,25.0,7.5,16.0,0.9803921568627451,1.7549019607843137,1.79,30.0
E1740N3195,845,415.0,430.0,95.0,105.0,155.0,250.0,240.0,385.0,145.0,130.0,20.0,95.0,380.0,70.0,30.0,80.0,15.0,222.0,3.0,40-60 midden,33.0,21.0,"0,6",25260.99994,65736.435,49.112426035502956,50.887573964497044,11.242603550295858,12.42603550295858,18.34319526627219,29.585798816568047,28.402366863905325,37.66233766233766,33.76623376623377,5.194805194805195,24.675324675324674,1.013157894736842,2.223684210526316,2.1948051948051948,50.0
E1745N3140,3,1.0,2.0,1.0,0.0,2.0,0.0,0.0,1.0,0.0,0.0,0.0,1.0,1.0,0.0,0.0,0.0,0.0,,5.0,,,,,32455.91661,14925.62,33.33333333333333,66.66666666666666,33.33333333333333,0.0,66.66666666666666,0.0,0.0,0.0,0.0,0.0,100.0,1.0,3.0,3.0,
E1745N3145,15,5.0,5.0,0.0,0.0,0.0,5.0,0.0,5.0,0.0,0.0,0.0,0.0,5.0,0.0,0.0,0.0,0.0,,5.0,,,,"2,7",32455.91661,19544.785,33.33333333333333,33.33333333333333,0.0,0.0,0.0,33.33333333333333,0.0,0.0,0.0,0.0,0.0,1.0,3.0,3.0,
E1745N3150,10,5.0,5.0,0.0,0.0,0.0,5.0,0.0,0.0,0.0,0.0,0.0,0.0,0.0,0.0,0.0,0.0,0.0,,5.0,,,,"2,3",32455.91661,24163.95,50.0,50.0,0.0,0.0,0.0,50.0,0.0,,,,,,inf,inf,
E1745N3155,10,5.0,0.0,0.0,0.0,0.0,0.0,0.0,0.0,0.0,0.0,0.0,0.0,0.0,0.0,0.0,0.0,0.0,,4.0,,,,"1,6",32455.91661,28783.115,50.0,0.0,0.0,0.0,0.0,0.0,0.0,,,,,,inf,inf,
E1745N3160,120,55.0,60.0,10.0,10.0,15.0,35.0,50.0,55.0,15.0,25.0,0.0,15.0,55.0,90.0,10.0,0.0,0.0,604.0,3.0,80-100 high,,,"1,3",32455.91661,33402.28,45.83333333333333,50.0,8.333333333333332,8.333333333333332,12.5,29.166666666666668,41.66666666666667,27.27272727272727,45.45454545454545,0.0,27.27272727272727,1.0,2.1818181818181817,2.1818181818181817,90.0
E1745N3165,1135,495.0,640.0,90.0,190.0,220.0,205.0,425.0,660.0,445.0,140.0,10.0,65.0,635.0,40.0,60.0,15.0,170.0,271.0,2.0,40-60 midden,51.0,18.0,1,32455.91661,38021.445,43.61233480176212,56.38766519823789,7.929515418502203,16.740088105726873,19.383259911894275,18.06167400881057,37.44493392070485,67.42424242424242,21.21212121212121,1.5151515151515151,9.848484848484848,1.0393700787401574,1.7874015748031495,1.7196969696969697,50.0
E1745N3170,3090,1365.0,1725.0,105.0,1745.0,750.0,290.0,200.0,2655.0,2370.0,170.0,30.0,85.0,495.0,50.0,50.0,170.0,85.0,240.0,1.0,20-60 below middle to middle,50.0,13.0,"0,7",32455.91661,42640.61,44.1747572815534,55.8252427184466,3.3980582524271843,56.47249190938511,24.271844660194176,9.385113268608414,6.472491909385113,89.26553672316385,6.4030131826742,1.1299435028248588,3.2015065913371,5.363636363636363,6.242424242424242,1.1638418079096045,40.0
E1745N3175,890,385.0,505.0,45.0,100.0,100.0,175.0,475.0,540.0,285.0,200.0,10.0,45.0,520.0,50.0,50.0,155.0,35.0,224.0,1.0,20-60 below middle to middle,56.0,9.0,"0,3",32455.91661,47259.775,43.258426966292134,56.74157303370787,5.056179775280898,11.235955056179774,11.235955056179774,19.662921348314608,53.37078651685393,52.77777777777778,37.03703703703704,1.8518518518518516,8.333333333333332,1.0384615384615385,1.7115384615384615,1.6481481481481481,40.0
E1745N3180,1460,685.0,775.0,160.0,275.0,365.0,330.0,335.0,870.0,505.0,195.0,75.0,90.0,820.0,30.0,70.0,395.0,55.0,154.0,1.0,20-40 below middle,71.0,4.0,"0,4",32455.91661,51878.94,46.917808219178085,53.082191780821915,10.95890410958904,18.835616438356166,25.0,22.602739726027394,22.945205479452056,58.04597701149425,22.413793103448278,8.620689655172415,10.344827586206897,1.0609756097560976,1.7804878048780488,1.6781609195402298,30.0
E1745N3185,1255,580.0,670.0,165.0,120.0,245.0,335.0,390.0,715.0,390.0,165.0,70.0,85.0,710.0,10.0,90.0,585.0,25.0,149.0,2.0,20-40 below middle,77.0,2.0,"0,3",32455.91661,56498.105,46.21513944223107,53.38645418326693,13.147410358565736,9.56175298804781,19.52191235059761,26.693227091633464,31.07569721115538,54.54545454545454,23.076923076923077,9.79020979020979,11.888111888111888,1.0070422535211268,1.767605633802817,1.7552447552447552,30.0
E1745N3190,1245,605.0,635.0,170.0,130.0,320.0,325.0,305.0,645.0,290.0,185.0,50.0,115.0,645.0,40.0,60.0,330.0,25.0,194.0,2.0,20-60 below middle to middle,52.0,10.0,"0,5",32455.91661,61117.27,48.59437751004016,51.00401606425703,13.654618473895583,10.441767068273093,25.702811244979916,26.104417670682732,24.497991967871485,44.96124031007752,28.68217054263566,7.751937984496124,17.829457364341085,1.0,1.930232558139535,1.930232558139535,40.0
E1745N3195,125,65.0,60.0,15.0,15.0,20.0,40.0,35.0,50.0,10.0,15.0,0.0,20.0,50.0,90.0,0.0,0.0,0.0,355.0,3.0,60-80 above middle,,,"0,8",32455.91661,65736.435,52.0,48.0,12.0,12.0,16.0,32.0,28.000000000000004,20.0,30.0,0.0,40.0,1.0,2.5,2.5,70.0
E1745N3200,45,25.0,20.0,5.0,15.0,10.0,15.0,0.0,20.0,10.0,0.0,0.0,5.0,15.0,90.0,0.0,0.0,0.0,208.0,5.0,20-60 below middle to middle,,,"1,3",32455.91661,70355.6,55.55555555555556,44.44444444444444,11.11111111111111,33.33333333333333,22.22222222222222,33.33333333333333,0.0,50.0,0.0,0.0,25.0,1.3333333333333333,3.0,2.25,40.0
E1745N3210,3,1.0,2.0,1.0,0.0,2.0,0.0,0.0,1.0,0.0,0.0,0.0,1.0,1.0,0.0,0.0,0.0,0.0,,5.0,,,,,32455.91661,79593.93,33.33333333333333,66.66666666666666,33.33333333333333,0.0,66.66666666666666,0.0,0.0,0.0,0.0,0.0,100.0,1.0,3.0,3.0,
E1750N3135,3,2.0,1.0,1.0,0.0,2.0,0.0,0.0,1.0,0.0,0.0,0.0,1.0,1.0,0.0,0.0,0.0,0.0,,,,,,,39650.83327,10306.455,66.66666666666666,33.33333333333333,33.33333333333333,0.0,66.66666666666666,0.0,0.0,0.0,0.0,0.0,100.0,1.0,3.0,3.0,
E1750N3140,3,2.0,1.0,1.0,0.0,2.0,0.0,0.0,1.0,0.0,0.0,0.0,1.0,1.0,0.0,0.0,0.0,0.0,,5.0,,,,,39650.83327,14925.62,66.66666666666666,33.33333333333333,33.33333333333333,0.0,66.66666666666666,0.0,0.0,0.0,0.0,0.0,100.0,1.0,3.0,3.0,
E1750N3145,5,0.0,0.0,0.0,0.0,0.0,0.0,0.0,0.0,0.0,0.0,0.0,0.0,0.0,0.0,0.0,0.0,0.0,,5.0,,,,"2,4",39650.83327,19544.785,0.0,0.0,0.0,0.0,0.0,0.0,0.0,,,,,,inf,inf,
E1750N3150,15,10.0,0.0,0.0,0.0,0.0,5.0,5.0,10.0,10.0,0.0,0.0,0.0,10.0,0.0,0.0,0.0,0.0,940.0,5.0,,,,2,39650.83327,24163.95,66.66666666666666,0.0,0.0,0.0,0.0,33.33333333333333,33.33333333333333,100.0,0.0,0.0,0.0,1.0,1.5,1.5,
E1750N3155,3,1.0,2.0,1.0,0.0,2.0,0.0,0.0,1.0,0.0,0.0,0.0,1.0,1.0,0.0,0.0,0.0,0.0,,5.0,,,,,39650.83327,28783.115,33.33333333333333,66.66666666666666,33.33333333333333,0.0,66.66666666666666,0.0,0.0,0.0,0.0,0.0,100.0,1.0,3.0,3.0,
E1750N3160,150,75.0,75.0,20.0,10.0,30.0,40.0,55.0,70.0,20.0,35.0,0.0,15.0,65.0,90.0,0.0,0.0,0.0,524.0,3.0,80-100 high,,,"1,1",39650.83327,33402.28,50.0,50.0,13.333333333333334,6.666666666666667,20.0,26.666666666666668,36.666666666666664,28.57142857142857,50.0,0.0,21.428571428571427,1.0769230769230769,2.3076923076923075,2.142857142857143,90.0
E1750N3165,765,360.0,405.0,105.0,110.0,160.0,220.0,170.0,360.0,130.0,110.0,15.0,100.0,440.0,60.0,40.0,0.0,105.0,340.0,2.0,60-80 above middle,33.0,37.0,"0,6",39650.83327,38021.445,47.05882352941176,52.94117647058824,13.725490196078432,14.37908496732026,20.915032679738562,28.75816993464052,22.22222222222222,36.11111111111111,30.555555555555557,4.166666666666666,27.77777777777778,0.8181818181818182,1.7386363636363635,2.125,70.0
E1750N3170,2395,1135.0,1260.0,300.0,495.0,650.0,580.0,365.0,1470.0,885.0,260.0,170.0,140.0,1300.0,10.0,90.0,995.0,75.0,138.0,1.0,00-20 low,77.0,3.0,"0,3",39650.83327,42640.61,47.390396659707726,52.609603340292274,12.526096033402922,20.668058455114824,27.139874739039666,24.21711899791232,15.24008350730689,60.204081632653065,17.687074829931973,11.564625850340136,9.523809523809524,1.1307692307692307,1.8423076923076922,1.629251700680272,10.0
E1750N3175,2685,1185.0,1500.0,185.0,930.0,680.0,390.0,500.0,1900.0,1370.0,330.0,70.0,115.0,1450.0,30.0,70.0,440.0,115.0,201.0,1.0,20-40 below middle,62.0,11.0,"0,2",39650.83327,47259.775,44.134078212290504,55.865921787709496,6.890130353817504,34.63687150837989,25.32588454376164,14.52513966480447,18.6219739292365,72.10526315789474,17.36842105263158,3.684210526315789,6.052631578947368,1.3103448275862069,1.8517241379310345,1.4131578947368422,30.0
E1750N3180,890,430.0,460.0,110.0,195.0,220.0,245.0,120.0,520.0,300.0,105.0,30.0,80.0,470.0,40.0,60.0,180.0,20.0,196.0,1.0,20-40 below middle,48.0,15.0,"0,3",39650.83327,51878.94,48.31460674157304,51.68539325842697,12.359550561797752,21.910112359550563,24.719101123595504,27.52808988764045,13.48314606741573,57.692307692307686,20.192307692307693,5.769230769230769,15.384615384615385,1.1063829787234043,1.8936170212765957,1.7115384615384615,30.0
E1750N3185,920,465.0,455.0,160.0,180.0,265.0,210.0,110.0,460.0,205.0,110.0,60.0,75.0,415.0,20.0,80.0,280.0,25.0,163.0,2.0,20-40 below middle,68.0,7.0,"0,6",39650.83327,56498.105,50.54347826086957,49.45652173913043,17.391304347826086,19.565217391304348,28.804347826086957,22.82608695652174,11.956521739130435,44.565217391304344,23.91304347826087,13.043478260869565,16.304347826086957,1.108433734939759,2.216867469879518,2.0,30.0
E1750N3190,655,295.0,360.0,90.0,115.0,165.0,165.0,120.0,330.0,145.0,80.0,50.0,50.0,315.0,20.0,80.0,230.0,10.0,151.0,3.0,20-40 below middle,66.0,4.0,"0,5",39650.83327,61117.27,45.038167938931295,54.961832061068705,13.740458015267176,17.557251908396946,25.190839694656486,25.190839694656486,18.3206106870229,43.93939393939394,24.242424242424242,15.151515151515152,15.151515151515152,1.0476190476190477,2.0793650793650795,1.9848484848484849,30.0
E1750N3195,55,25.0,30.0,10.0,5.0,15.0,10.0,10.0,20.0,10.0,5.0,0.0,5.0,20.0,80.0,0.0,0.0,0.0,416.0,4.0,20-60 below middle to middle,,,"0,8",39650.83327,65736.435,45.45454545454545,54.54545454545454,18.181818181818183,9.090909090909092,27.27272727272727,18.181818181818183,18.181818181818183,50.0,25.0,0.0,25.0,1.0,2.75,2.75,40.0
E1750N3200,3,1.0,2.0,1.0,0.0,2.0,0.0,0.0,1.0,0.0,0.0,0.0,1.0,1.0,0.0,0.0,0.0,0.0,,,,,,,39650.83327,70355.6,33.33333333333333,66.66666666666666,33.33333333333333,0.0,66.66666666666666,0.0,0.0,0.0,0.0,0.0,100.0,1.0,3.0,3.0,
E1750N3205,15,5.0,10.0,0.0,0.0,0.0,0.0,5.0,5.0,0.0,0.0,0.0,0.0,5.0,0.0,0.0,0.0,0.0,500.0,5.0,,,,"2,2",39650.83327,74974.765,33.33333333333333,66.66666666666666,0.0,0.0,0.0,0.0,33.33333333333333,0.0,0.0,0.0,0.0,1.0,3.0,3.0,
E1750N3210,60,35.0,25.0,5.0,10.0,10.0,25.0,10.0,25.0,5.0,10.0,0.0,10.0,30.0,80.0,30.0,0.0,5.0,293.0,5.0,40-80 middle to above middle,,,"2,1",39650.83327,79593.93,58.333333333333336,41.66666666666667,8.333333333333332,16.666666666666664,16.666666666666664,41.66666666666667,16.666666666666664,20.0,40.0,0.0,40.0,0.8333333333333334,2.0,2.4,60.0
E1750N3215,3,1.0,2.0,1.0,0.0,2.0,0.0,0.0,1.0,0.0,0.0,0.0,1.0,1.0,0.0,0.0,0.0,0.0,,,,,,,39650.83327,84213.095,33.33333333333333,66.66666666666666,33.33333333333333,0.0,66.66666666666666,0.0,0.0,0.0,0.0,0.0,100.0,1.0,3.0,3.0,
E1755N3135,3,1.0,2.0,1.0,0.0,2.0,0.0,0.0,1.0,0.0,0.0,0.0,1.0,1.0,0.0,0.0,0.0,0.0,,,,,,,46845.74994,10306.455,33.33333333333333,66.66666666666666,33.33333333333333,0.0,66.66666666666666,0.0,0.0,0.0,0.0,0.0,100.0,1.0,3.0,3.0,
E1755N3155,80,40.0,40.0,10.0,10.0,10.0,25.0,25.0,45.0,20.0,10.0,5.0,5.0,45.0,30.0,70.0,30.0,0.0,254.0,5.0,20-40 below middle,,,"1,4",46845.74994,28783.115,50.0,50.0,12.5,12.5,12.5,31.25,31.25,44.44444444444444,22.22222222222222,11.11111111111111,11.11111111111111,1.0,1.7777777777777777,1.7777777777777777,30.0
E1755N3160,255,125.0,130.0,40.0,30.0,45.0,90.0,45.0,110.0,30.0,35.0,5.0,35.0,105.0,70.0,30.0,30.0,0.0,436.0,4.0,40-60 midden,35.0,35.0,1,46845.74994,33402.28,49.01960784313725,50.98039215686274,15.686274509803921,11.76470588235294,17.647058823529413,35.294117647058826,17.647058823529413,27.27272727272727,31.818181818181817,4.545454545454546,31.818181818181817,1.0476190476190477,2.4285714285714284,2.3181818181818183,50.0
E1755N3165,800,385.0,415.0,140.0,75.0,155.0,225.0,210.0,365.0,110.0,130.0,25.0,95.0,360.0,80.0,20.0,25.0,15.0,416.0,2.0,60-100 above middle to high,20.0,44.0,"0,7",46845.74994,38021.445,48.125,51.87500000000001,17.5,9.375,19.375,28.125,26.25,30.136986301369863,35.61643835616438,6.8493150684931505,26.027397260273972,1.0138888888888888,2.2222222222222223,2.191780821917808,80.0
E1755N3170,1200,545.0,660.0,75.0,295.0,240.0,230.0,365.0,765.0,495.0,165.0,40.0,60.0,665.0,30.0,70.0,215.0,60.0,260.0,1.0,20-40 below middle,58.0,16.0,"0,4",46845.74994,42640.61,45.416666666666664,55.00000000000001,6.25,24.583333333333332,20.0,19.166666666666668,30.416666666666664,64.70588235294117,21.568627450980394,5.228758169934641,7.8431372549019605,1.150375939849624,1.8045112781954886,1.5686274509803921,30.0
E1755N3175,2705,1245.0,1460.0,70.0,1140.0,695.0,300.0,500.0,1850.0,1460.0,275.0,30.0,65.0,1350.0,20.0,80.0,275.0,215.0,227.0,1.0,00-20 low,62.0,11.0,"0,5",46845.74994,47259.775,46.02587800369686,53.97412199630314,2.5878003696857674,42.14417744916821,25.693160813308687,11.090573012939002,18.484288354898336,78.91891891891892,14.864864864864865,1.6216216216216217,3.5135135135135136,1.3703703703703705,2.0037037037037035,1.462162162162162,10.0
E1755N3180,1290,625.0,665.0,65.0,320.0,370.0,300.0,240.0,830.0,585.0,150.0,40.0,55.0,685.0,20.0,80.0,410.0,30.0,212.0,1.0,20-40 below middle,70.0,6.0,"0,6",46845.74994,51878.94,48.44961240310077,51.55038759689923,5.038759689922481,24.8062015503876,28.68217054263566,23.25581395348837,18.6046511627907,70.48192771084338,18.072289156626507,4.819277108433735,6.626506024096386,1.2116788321167884,1.8832116788321167,1.5542168674698795,30.0
E1755N3185,5,0.0,0.0,0.0,0.0,0.0,0.0,0.0,5.0,5.0,0.0,0.0,0.0,0.0,0.0,0.0,0.0,0.0,,2.0,,,,,46845.74994,56498.105,0.0,0.0,0.0,0.0,0.0,0.0,0.0,100.0,0.0,0.0,0.0,inf,inf,1.0,
E1755N3190,15,10.0,0.0,0.0,0.0,0.0,0.0,10.0,10.0,5.0,0.0,0.0,0.0,20.0,40.0,60.0,0.0,5.0,144.0,4.0,,,,1,46845.74994,61117.27,66.66666666666666,0.0,0.0,0.0,0.0,0.0,66.66666666666666,50.0,0.0,0.0,0.0,0.5,0.75,1.5,
E1755N3195,20,10.0,10.0,0.0,0.0,0.0,10.0,0.0,15.0,10.0,5.0,0.0,0.0,0.0,0.0,0.0,0.0,0.0,,5.0,00-40 laag tot onder midden,,,"0,9",46845.74994,65736.435,50.0,50.0,0.0,0.0,0.0,50.0,0.0,66.66666666666666,33.33333333333333,0.0,0.0,inf,inf,1.3333333333333333,20.0
E1755N3200,35,20.0,15.0,0.0,10.0,15.0,0.0,0.0,30.0,25.0,0.0,0.0,0.0,10.0,0.0,0.0,0.0,0.0,,5.0,00-40 laag tot onder midden,,,"0,9",46845.74994,70355.6,57.14285714285714,42.857142857142854,0.0,28.57142857142857,42.857142857142854,0.0,0.0,83.33333333333334,0.0,0.0,0.0,3.0,3.5,1.1666666666666667,20.0
E1755N3205,65,40.0,25.0,10.0,5.0,25.0,10.0,10.0,40.0,30.0,5.0,0.0,5.0,20.0,70.0,30.0,0.0,0.0,208.0,5.0,00-40 laag tot onder midden,,,"1,8",46845.74994,74974.765,61.53846153846154,38.46153846153847,15.384615384615385,7.6923076923076925,38.46153846153847,15.384615384615385,15.384615384615385,75.0,12.5,0.0,12.5,2.0,3.25,1.625,20.0
E1755N3210,355,185.0,170.0,40.0,20.0,65.0,80.0,145.0,170.0,45.0,75.0,5.0,40.0,170.0,70.0,20.0,30.0,5.0,221.0,5.0,40-60 midden,40.0,13.0,4,46845.74994,79593.93,52.112676056338024,47.88732394366197,11.267605633802818,5.633802816901409,18.30985915492958,22.535211267605636,40.845070422535215,26.47058823529412,44.11764705882353,2.941176470588235,23.52941176470588,1.0,2.088235294117647,2.088235294117647,50.0
E1755N3215,3,2.0,1.0,1.0,0.0,2.0,0.0,0.0,1.0,0.0,0.0,0.0,1.0,1.0,0.0,0.0,0.0,0.0,,,,,,,46845.74994,84213.095,66.66666666666666,33.33333333333333,33.33333333333333,0.0,66.66666666666666,0.0,0.0,0.0,0.0,0.0,100.0,1.0,3.0,3.0,
E1755N3220,3,1.0,2.0,1.0,0.0,2.0,0.0,0.0,1.0,0.0,0.0,0.0,1.0,1.0,0.0,0.0,0.0,0.0,,,,,,,46845.74994,88832.26,33.33333333333333,66.66666666666666,33.33333333333333,0.0,66.66666666666666,0.0,0.0,0.0,0.0,0.0,100.0,1.0,3.0,3.0,
E1760N3130,3,2.0,1.0,1.0,0.0,2.0,0.0,0.0,1.0,0.0,0.0,0.0,1.0,1.0,0.0,0.0,0.0,0.0,,,,,,,54040.66661,5687.29,66.66666666666666,33.33333333333333,33.33333333333333,0.0,66.66666666666666,0.0,0.0,0.0,0.0,0.0,100.0,1.0,3.0,3.0,
E1760N3135,3,1.0,2.0,1.0,0.0,2.0,0.0,0.0,1.0,0.0,0.0,0.0,1.0,1.0,0.0,0.0,0.0,0.0,,,,,,,54040.66661,10306.455,33.33333333333333,66.66666666666666,33.33333333333333,0.0,66.66666666666666,0.0,0.0,0.0,0.0,0.0,100.0,1.0,3.0,3.0,
E1760N3140,3,2.0,1.0,1.0,0.0,2.0,0.0,0.0,1.0,0.0,0.0,0.0,1.0,1.0,0.0,0.0,0.0,0.0,,5.0,,,,,54040.66661,14925.62,66.66666666666666,33.33333333333333,33.33333333333333,0.0,66.66666666666666,0.0,0.0,0.0,0.0,0.0,100.0,1.0,3.0,3.0,
E1760N3145,3,2.0,1.0,1.0,0.0,2.0,0.0,0.0,1.0,0.0,0.0,0.0,1.0,1.0,0.0,0.0,0.0,0.0,,,,,,,54040.66661,19544.785,66.66666666666666,33.33333333333333,33.33333333333333,0.0,66.66666666666666,0.0,0.0,0.0,0.0,0.0,100.0,1.0,3.0,3.0,
E1760N3150,5,0.0,0.0,0.0,0.0,0.0,0.0,0.0,0.0,0.0,0.0,0.0,0.0,0.0,0.0,0.0,0.0,0.0,,5.0,,,,"1,7",54040.66661,24163.95,0.0,0.0,0.0,0.0,0.0,0.0,0.0,,,,,,inf,inf,
E1760N3155,3,1.0,2.0,1.0,0.0,2.0,0.0,0.0,1.0,0.0,0.0,0.0,1.0,1.0,0.0,0.0,0.0,0.0,,4.0,,,,,54040.66661,28783.115,33.33333333333333,66.66666666666666,33.33333333333333,0.0,66.66666666666666,0.0,0.0,0.0,0.0,0.0,100.0,1.0,3.0,3.0,
E1760N3160,390,180.0,210.0,65.0,40.0,55.0,140.0,95.0,160.0,35.0,65.0,5.0,55.0,160.0,100.0,0.0,0.0,5.0,606.0,3.0,80-100 high,13.0,57.0,"0,6",54040.66661,33402.28,46.15384615384615,53.84615384615385,16.666666666666664,10.256410256410255,14.102564102564102,35.8974358974359,24.358974358974358,21.875,40.625,3.125,34.375,1.0,2.4375,2.4375,90.0
E1760N3165,1570,725.0,845.0,205.0,285.0,305.0,415.0,360.0,810.0,390.0,235.0,30.0,150.0,725.0,70.0,30.0,20.0,60.0,419.0,2.0,60-80 above middle,27.0,38.0,"0,3",54040.66661,38021.445,46.17834394904459,53.82165605095541,13.05732484076433,18.152866242038215,19.426751592356688,26.43312101910828,22.929936305732486,48.148148148148145,29.01234567901235,3.7037037037037033,18.51851851851852,1.1172413793103448,2.1655172413793102,1.9382716049382716,70.0
E1760N3170,1155,550.0,600.0,40.0,430.0,295.0,175.0,210.0,855.0,650.0,155.0,10.0,30.0,775.0,20.0,70.0,120.0,155.0,338.0,1.0,20-40 below middle,54.0,18.0,"0,7",54040.66661,42640.61,47.61904761904761,51.94805194805194,3.463203463203463,37.22943722943723,25.541125541125542,15.151515151515152,18.181818181818183,76.0233918128655,18.128654970760234,1.1695906432748537,3.508771929824561,1.103225806451613,1.4903225806451612,1.3508771929824561,30.0
E1760N3175,1885,855.0,1030.0,40.0,785.0,645.0,210.0,210.0,1395.0,1095.0,230.0,10.0,45.0,1295.0,20.0,80.0,75.0,325.0,260.0,1.0,00-20 low,59.0,14.0,"0,3",54040.66661,47259.775,45.35809018567639,54.64190981432361,2.122015915119363,41.644562334217504,34.217506631299734,11.140583554376658,11.140583554376658,78.49462365591397,16.48745519713262,0.7168458781362007,3.225806451612903,1.0772200772200773,1.4555984555984556,1.3512544802867383,10.0
E1760N3180,2590,1230.0,1360.0,125.0,760.0,905.0,430.0,370.0,1915.0,1425.0,345.0,45.0,90.0,1765.0,20.0,80.0,635.0,185.0,216.0,1.0,20-40 below middle,62.0,10.0,"0,4",54040.66661,51878.94,47.49034749034749,52.509652509652504,4.826254826254826,29.343629343629345,34.942084942084946,16.602316602316602,14.285714285714285,74.41253263707573,18.01566579634465,2.3498694516971277,4.699738903394255,1.084985835694051,1.4674220963172804,1.3524804177545693,30.0
E1760N3185,385,195.0,190.0,0.0,295.0,80.0,5.0,0.0,375.0,370.0,0.0,0.0,0.0,15.0,40.0,60.0,0.0,5.0,274.0,2.0,00-20 low,,,"0,9",54040.66661,56498.105,50.649350649350644,49.35064935064935,0.0,76.62337662337663,20.77922077922078,1.2987012987012987,0.0,98.66666666666667,0.0,0.0,0.0,25.0,25.666666666666668,1.0266666666666666,10.0
E1760N3190,1150,570.0,580.0,120.0,95.0,245.0,355.0,335.0,630.0,275.0,210.0,50.0,95.0,610.0,30.0,70.0,350.0,20.0,177.0,3.0,20-40 below middle,56.0,7.0,"0,3",54040.66661,61117.27,49.56521739130435,50.43478260869565,10.434782608695652,8.26086956521739,21.304347826086957,30.869565217391305,29.130434782608695,43.65079365079365,33.33333333333333,7.936507936507936,15.079365079365079,1.0327868852459017,1.8852459016393444,1.8253968253968254,30.0
E1760N3195,145,70.0,75.0,20.0,20.0,35.0,65.0,5.0,75.0,35.0,20.0,5.0,15.0,40.0,90.0,0.0,0.0,0.0,230.0,4.0,20-60 below middle to middle,,,"0,7",54040.66661,65736.435,48.275862068965516,51.724137931034484,13.793103448275861,13.793103448275861,24.137931034482758,44.827586206896555,3.4482758620689653,46.666666666666664,26.666666666666668,6.666666666666667,20.0,1.875,3.625,1.9333333333333333,40.0
E1760N3200,30,15.0,10.0,0.0,0.0,10.0,5.0,5.0,20.0,10.0,0.0,0.0,0.0,15.0,0.0,0.0,0.0,0.0,97.0,5.0,00-40 laag tot onder midden,,,"2,8",54040.66661,70355.6,50.0,33.33333333333333,0.0,0.0,33.33333333333333,16.666666666666664,16.666666666666664,50.0,0.0,0.0,0.0,1.3333333333333333,2.0,1.5,20.0
E1760N3205,805,395.0,410.0,75.0,100.0,165.0,265.0,200.0,435.0,185.0,145.0,35.0,65.0,405.0,50.0,40.0,115.0,15.0,187.0,5.0,20-40 below middle,53.0,10.0,"3,6",54040.66661,74974.765,49.06832298136646,50.931677018633536,9.316770186335404,12.422360248447205,20.496894409937887,32.91925465838509,24.84472049689441,42.5287356321839,33.33333333333333,8.045977011494253,14.942528735632186,1.0740740740740742,1.9876543209876543,1.8505747126436782,30.0
E1760N3210,450,225.0,225.0,45.0,30.0,80.0,145.0,145.0,210.0,55.0,100.0,5.0,45.0,215.0,90.0,10.0,15.0,0.0,206.0,5.0,40-60 midden,26.0,14.0,"4,1",54040.66661,79593.93,50.0,50.0,10.0,6.666666666666667,17.77777777777778,32.22222222222222,32.22222222222222,26.190476190476193,47.61904761904761,2.380952380952381,21.428571428571427,0.9767441860465116,2.0930232558139537,2.142857142857143,50.0
E1765N3135,15,10.0,10.0,0.0,0.0,0.0,10.0,0.0,10.0,0.0,5.0,0.0,0.0,10.0,0.0,0.0,0.0,0.0,398.0,5.0,,,,3,61235.58327,10306.455,66.66666666666666,66.66666666666666,0.0,0.0,0.0,66.66666666666666,0.0,0.0,50.0,0.0,0.0,1.0,1.5,1.5,
E1765N3140,3,1.0,2.0,1.0,0.0,2.0,0.0,0.0,1.0,0.0,0.0,0.0,1.0,1.0,0.0,0.0,0.0,0.0,,5.0,,,,,61235.58327,14925.62,33.33333333333333,66.66666666666666,33.33333333333333,0.0,66.66666666666666,0.0,0.0,0.0,0.0,0.0,100.0,1.0,3.0,3.0,
E1765N3145,3,1.0,2.0,1.0,0.0,2.0,0.0,0.0,1.0,0.0,0.0,0.0,1.0,1.0,0.0,0.0,0.0,0.0,,5.0,,,,,61235.58327,19544.785,33.33333333333333,66.66666666666666,33.33333333333333,0.0,66.66666666666666,0.0,0.0,0.0,0.0,0.0,100.0,1.0,3.0,3.0,
E1765N3150,75,35.0,35.0,15.0,0.0,15.0,25.0,20.0,35.0,10.0,15.0,0.0,10.0,35.0,90.0,10.0,0.0,0.0,509.0,4.0,60-80 above middle,,,"1,5",61235.58327,24163.95,46.666666666666664,46.666666666666664,20.0,0.0,20.0,33.33333333333333,26.666666666666668,28.57142857142857,42.857142857142854,0.0,28.57142857142857,1.0,2.142857142857143,2.142857142857143,70.0
E1765N3155,90,35.0,55.0,15.0,5.0,10.0,30.0,30.0,45.0,15.0,15.0,0.0,10.0,45.0,80.0,10.0,0.0,5.0,523.0,4.0,60-80 above middle,,,"1,2",61235.58327,28783.115,38.88888888888889,61.111111111111114,16.666666666666664,5.555555555555555,11.11111111111111,33.33333333333333,33.33333333333333,33.33333333333333,33.33333333333333,0.0,22.22222222222222,1.0,2.0,2.0,70.0
E1765N3160,520,240.0,280.0,75.0,75.0,80.0,175.0,115.0,265.0,115.0,80.0,15.0,50.0,240.0,70.0,30.0,35.0,15.0,398.0,3.0,40-60 midden,35.0,31.0,"0,6",61235.58327,33402.28,46.15384615384615,53.84615384615385,14.423076923076922,14.423076923076922,15.384615384615385,33.65384615384615,22.115384615384613,43.39622641509434,30.18867924528302,5.660377358490567,18.867924528301888,1.1041666666666667,2.1666666666666665,1.9622641509433962,50.0
E1765N3165,965,460.0,505.0,150.0,110.0,140.0,245.0,320.0,435.0,190.0,145.0,15.0,85.0,450.0,80.0,20.0,10.0,45.0,514.0,2.0,60-80 above middle,25.0,37.0,"0,4",61235.58327,38021.445,47.66839378238342,52.331606217616574,15.544041450777202,11.398963730569948,14.507772020725387,25.38860103626943,33.160621761658035,43.67816091954023,33.33333333333333,3.4482758620689653,19.54022988505747,0.9666666666666667,2.1444444444444444,2.218390804597701,70.0
E1765N3170,450,210.0,240.0,35.0,95.0,110.0,95.0,115.0,290.0,185.0,75.0,10.0,20.0,300.0,30.0,70.0,95.0,55.0,425.0,1.0,20-60 below middle to middle,51.0,19.0,"0,7",61235.58327,42640.61,46.666666666666664,53.333333333333336,7.777777777777778,21.11111111111111,24.444444444444443,21.11111111111111,25.555555555555554,63.793103448275865,25.862068965517242,3.4482758620689653,6.896551724137931,0.9666666666666667,1.5,1.5517241379310345,40.0
E1765N3175,1615,720.0,895.0,30.0,715.0,525.0,180.0,170.0,1295.0,1030.0,205.0,20.0,25.0,1195.0,10.0,80.0,90.0,295.0,234.0,1.0,00-40 laag tot onder midden,60.0,9.0,"0,2",61235.58327,47259.775,44.58204334365325,55.417956656346746,1.8575851393188854,44.27244582043344,32.50773993808049,11.145510835913312,10.526315789473683,79.53667953667953,15.83011583011583,1.5444015444015444,1.9305019305019304,1.0836820083682008,1.3514644351464435,1.247104247104247,20.0
E1765N3180,765,375.0,390.0,25.0,200.0,265.0,125.0,150.0,580.0,430.0,105.0,15.0,20.0,515.0,20.0,80.0,110.0,65.0,200.0,1.0,20-40 below middle,63.0,12.0,"0,4",61235.58327,51878.94,49.01960784313725,50.98039215686274,3.2679738562091507,26.143790849673206,34.64052287581699,16.33986928104575,19.607843137254903,74.13793103448276,18.103448275862068,2.586206896551724,3.4482758620689653,1.1262135922330097,1.4854368932038835,1.3189655172413792,30.0
E1765N3185,35,20.0,15.0,0.0,5.0,10.0,10.0,5.0,20.0,15.0,0.0,0.0,0.0,20.0,0.0,0.0,0.0,0.0,169.0,2.0,00-40 laag tot onder midden,,,"0,3",61235.58327,56498.105,57.14285714285714,42.857142857142854,0.0,14.285714285714285,28.57142857142857,28.57142857142857,14.285714285714285,75.0,0.0,0.0,0.0,1.0,1.75,1.75,20.0
E1765N3190,140,65.0,70.0,10.0,20.0,25.0,65.0,15.0,60.0,15.0,25.0,0.0,15.0,65.0,100.0,0.0,0.0,0.0,219.0,4.0,40-80 middle to above middle,,,"0,6",61235.58327,61117.27,46.42857142857143,50.0,7.142857142857142,14.285714285714285,17.857142857142858,46.42857142857143,10.714285714285714,25.0,41.66666666666667,0.0,25.0,0.9230769230769231,2.1538461538461537,2.3333333333333335,60.0
E1765N3195,5,0.0,0.0,0.0,0.0,0.0,0.0,0.0,0.0,0.0,0.0,0.0,0.0,0.0,0.0,0.0,0.0,0.0,,4.0,,,,"1,8",61235.58327,65736.435,0.0,0.0,0.0,0.0,0.0,0.0,0.0,,,,,,inf,inf,
E1765N3200,3,1.0,2.0,1.0,0.0,2.0,0.0,0.0,1.0,0.0,0.0,0.0,1.0,1.0,0.0,0.0,0.0,0.0,,,,,,,61235.58327,70355.6,33.33333333333333,66.66666666666666,33.33333333333333,0.0,66.66666666666666,0.0,0.0,0.0,0.0,0.0,100.0,1.0,3.0,3.0,
E1765N3205,55,35.0,25.0,0.0,15.0,20.0,15.0,5.0,35.0,20.0,10.0,0.0,5.0,35.0,30.0,70.0,0.0,0.0,158.0,5.0,20-60 below middle to middle,,,"3,8",61235.58327,74974.765,63.63636363636363,45.45454545454545,0.0,27.27272727272727,36.36363636363637,27.27272727272727,9.090909090909092,57.14285714285714,28.57142857142857,0.0,14.285714285714285,1.0,1.5714285714285714,1.5714285714285714,40.0
E1765N3210,3,1.0,2.0,1.0,0.0,2.0,0.0,0.0,1.0,0.0,0.0,0.0,1.0,1.0,0.0,0.0,0.0,0.0,,5.0,,,,,61235.58327,79593.93,33.33333333333333,66.66666666666666,33.33333333333333,0.0,66.66666666666666,0.0,0.0,0.0,0.0,0.0,100.0,1.0,3.0,3.0,
E1765N3215,5,0.0,0.0,0.0,0.0,0.0,0.0,0.0,0.0,0.0,0.0,0.0,0.0,0.0,0.0,0.0,0.0,0.0,,5.0,,,,,61235.58327,84213.095,0.0,0.0,0.0,0.0,0.0,0.0,0.0,,,,,,inf,inf,
E1770N3125,3,2.0,1.0,1.0,0.0,2.0,0.0,0.0,1.0,0.0,0.0,0.0,1.0,1.0,0.0,0.0,0.0,0.0,,5.0,,,,,68430.49994,1068.125,66.66666666666666,33.33333333333333,33.33333333333333,0.0,66.66666666666666,0.0,0.0,0.0,0.0,0.0,100.0,1.0,3.0,3.0,
E1770N3145,340,150.0,190.0,40.0,25.0,80.0,110.0,85.0,180.0,85.0,55.0,20.0,20.0,170.0,40.0,60.0,90.0,0.0,196.0,4.0,20-40 below middle,58.0,7.0,"1,2",68430.49994,19544.785,44.11764705882353,55.88235294117647,11.76470588235294,7.352941176470589,23.52941176470588,32.35294117647059,25.0,47.22222222222222,30.555555555555557,11.11111111111111,11.11111111111111,1.0588235294117647,2.0,1.8888888888888888,30.0
E1770N3150,555,285.0,270.0,60.0,70.0,125.0,180.0,115.0,285.0,135.0,85.0,25.0,40.0,310.0,40.0,60.0,125.0,10.0,235.0,4.0,40-60 midden,48.0,19.0,"0,6",68430.49994,24163.95,51.35135135135135,48.64864864864865,10.81081081081081,12.612612612612612,22.52252252252252,32.432432432432435,20.72072072072072,47.368421052631575,29.82456140350877,8.771929824561402,14.035087719298245,0.9193548387096774,1.7903225806451613,1.9473684210526316,50.0
E1770N3155,705,335.0,370.0,50.0,100.0,160.0,170.0,225.0,425.0,225.0,145.0,15.0,40.0,430.0,40.0,60.0,145.0,25.0,239.0,3.0,20-60 below middle to middle,51.0,16.0,"0,2",68430.49994,28783.115,47.5177304964539,52.4822695035461,7.092198581560284,14.184397163120568,22.69503546099291,24.113475177304963,31.914893617021278,52.94117647058824,34.11764705882353,3.5294117647058822,9.411764705882353,0.9883720930232558,1.6395348837209303,1.6588235294117648,40.0
E1770N3160,750,355.0,400.0,75.0,70.0,185.0,225.0,195.0,400.0,170.0,140.0,20.0,70.0,405.0,70.0,30.0,0.0,20.0,257.0,2.0,60-80 above middle,29.0,24.0,"0,6",68430.49994,33402.28,47.333333333333336,53.333333333333336,10.0,9.333333333333334,24.666666666666668,30.0,26.0,42.5,35.0,5.0,17.5,0.9876543209876543,1.8518518518518519,1.875,70.0
E1770N3165,235,125.0,105.0,25.0,80.0,70.0,40.0,15.0,140.0,85.0,30.0,0.0,25.0,90.0,60.0,40.0,30.0,0.0,307.0,1.0,40-60 midden,,,"0,4",68430.49994,38021.445,53.191489361702125,44.680851063829785,10.638297872340425,34.04255319148936,29.78723404255319,17.02127659574468,6.382978723404255,60.71428571428571,21.428571428571427,0.0,17.857142857142858,1.5555555555555556,2.611111111111111,1.6785714285714286,50.0
E1770N3170,2785,1330.0,1455.0,170.0,275.0,690.0,540.0,1110.0,1760.0,945.0,625.0,50.0,135.0,1875.0,40.0,60.0,340.0,220.0,349.0,1.0,40-80 middle to above middle,34.0,20.0,"0,5",68430.49994,42640.61,47.755834829443444,52.244165170556556,6.104129263913824,9.874326750448834,24.775583482944345,19.389587073608617,39.85637342908438,53.69318181818182,35.51136363636363,2.840909090909091,7.670454545454546,0.9386666666666666,1.4853333333333334,1.5823863636363635,60.0
E1770N3175,2235,1020.0,1215.0,85.0,820.0,725.0,355.0,250.0,1690.0,1305.0,275.0,25.0,75.0,1365.0,20.0,80.0,320.0,195.0,252.0,1.0,20-40 below middle,59.0,14.0,"0,3",68430.49994,47259.775,45.63758389261745,54.36241610738255,3.803131991051454,36.68903803131991,32.43847874720358,15.883668903803134,11.185682326621924,77.2189349112426,16.272189349112427,1.4792899408284024,4.437869822485207,1.2380952380952381,1.6373626373626373,1.3224852071005917,30.0
E1770N3180,1510,685.0,825.0,95.0,450.0,400.0,355.0,210.0,1045.0,740.0,185.0,50.0,70.0,860.0,10.0,80.0,515.0,60.0,192.0,1.0,00-40 laag tot onder midden,66.0,9.0,"0,3",68430.49994,51878.94,45.36423841059602,54.63576158940398,6.291390728476822,29.80132450331126,26.490066225165563,23.509933774834437,13.90728476821192,70.81339712918661,17.703349282296653,4.784688995215311,6.698564593301436,1.2151162790697674,1.755813953488372,1.444976076555024,20.0
E1770N3185,70,30.0,40.0,15.0,5.0,20.0,25.0,10.0,35.0,20.0,10.0,0.0,5.0,35.0,0.0,100.0,0.0,0.0,151.0,2.0,00-40 laag tot onder midden,,,"0,4",68430.49994,56498.105,42.857142857142854,57.14285714285714,21.428571428571427,7.142857142857142,28.57142857142857,35.714285714285715,14.285714285714285,57.14285714285714,28.57142857142857,0.0,14.285714285714285,1.0,2.0,2.0,20.0
E1770N3190,305,160.0,150.0,40.0,65.0,85.0,70.0,50.0,175.0,100.0,40.0,5.0,30.0,130.0,70.0,30.0,5.0,0.0,202.0,3.0,40-60 midden,33.0,18.0,"0,8",68430.49994,61117.27,52.459016393442624,49.18032786885246,13.114754098360656,21.311475409836063,27.86885245901639,22.950819672131146,16.39344262295082,57.14285714285714,22.857142857142858,2.857142857142857,17.142857142857142,1.3461538461538463,2.3461538461538463,1.7428571428571429,50.0
E1770N3195,545,295.0,250.0,45.0,140.0,110.0,140.0,110.0,335.0,210.0,70.0,15.0,40.0,270.0,30.0,70.0,130.0,10.0,155.0,4.0,20-40 below middle,62.0,4.0,1,68430.49994,65736.435,54.12844036697248,45.87155963302752,8.256880733944955,25.688073394495415,20.18348623853211,25.688073394495415,20.18348623853211,62.68656716417911,20.8955223880597,4.477611940298507,11.940298507462686,1.2407407407407407,2.0185185185185186,1.626865671641791,30.0
E1770N3200,3,2.0,1.0,1.0,0.0,2.0,0.0,0.0,1.0,0.0,0.0,0.0,1.0,1.0,0.0,0.0,0.0,0.0,,5.0,,,,,68430.49994,70355.6,66.66666666666666,33.33333333333333,33.33333333333333,0.0,66.66666666666666,0.0,0.0,0.0,0.0,0.0,100.0,1.0,3.0,3.0,
E1770N3205,3,1.0,2.0,1.0,0.0,2.0,0.0,0.0,1.0,0.0,0.0,0.0,1.0,1.0,0.0,0.0,0.0,0.0,,5.0,,,,,68430.49994,74974.765,33.33333333333333,66.66666666666666,33.33333333333333,0.0,66.66666666666666,0.0,0.0,0.0,0.0,0.0,100.0,1.0,3.0,3.0,
E1775N3125,3,2.0,1.0,1.0,0.0,2.0,0.0,0.0,1.0,0.0,0.0,0.0,1.0,1.0,0.0,0.0,0.0,0.0,,,,,,,75625.41661,1068.125,66.66666666666666,33.33333333333333,33.33333333333333,0.0,66.66666666666666,0.0,0.0,0.0,0.0,0.0,100.0,1.0,3.0,3.0,
E1775N3130,3,2.0,1.0,1.0,0.0,2.0,0.0,0.0,1.0,0.0,0.0,0.0,1.0,1.0,0.0,0.0,0.0,0.0,,5.0,,,,,75625.41661,5687.29,66.66666666666666,33.33333333333333,33.33333333333333,0.0,66.66666666666666,0.0,0.0,0.0,0.0,0.0,100.0,1.0,3.0,3.0,
E1775N3135,3,1.0,2.0,1.0,0.0,2.0,0.0,0.0,1.0,0.0,0.0,0.0,1.0,1.0,0.0,0.0,0.0,0.0,,5.0,,,,,75625.41661,10306.455,33.33333333333333,66.66666666666666,33.33333333333333,0.0,66.66666666666666,0.0,0.0,0.0,0.0,0.0,100.0,1.0,3.0,3.0,
E1775N3140,95,40.0,55.0,5.0,10.0,25.0,40.0,15.0,25.0,5.0,10.0,0.0,10.0,5.0,0.0,0.0,0.0,0.0,,5.0,00-40 laag tot onder midden,,,"1,5",75625.41661,14925.62,42.10526315789473,57.89473684210527,5.263157894736842,10.526315789473683,26.31578947368421,42.10526315789473,15.789473684210526,20.0,40.0,0.0,40.0,5.0,19.0,3.8,20.0
E1775N3145,1000,490.0,510.0,85.0,145.0,205.0,405.0,155.0,350.0,130.0,95.0,20.0,105.0,355.0,60.0,40.0,125.0,5.0,282.0,4.0,40-60 midden,33.0,32.0,"1,2",75625.41661,19544.785,49.0,51.0,8.5,14.499999999999998,20.5,40.5,15.5,37.142857142857146,27.142857142857142,5.714285714285714,30.0,0.9859154929577465,2.816901408450704,2.857142857142857,50.0
E1775N3150,1210,550.0,660.0,145.0,180.0,285.0,325.0,275.0,585.0,270.0,150.0,55.0,110.0,580.0,40.0,60.0,245.0,10.0,196.0,2.0,20-60 below middle to middle,46.0,11.0,"0,8",75625.41661,24163.95,45.45454545454545,54.54545454545454,11.983471074380166,14.87603305785124,23.553719008264462,26.859504132231404,22.727272727272727,46.15384615384615,25.64102564102564,9.401709401709402,18.803418803418804,1.0086206896551724,2.086206896551724,2.0683760683760686,40.0
E1775N3155,805,395.0,410.0,85.0,130.0,175.0,250.0,165.0,435.0,195.0,125.0,35.0,75.0,435.0,50.0,50.0,200.0,10.0,218.0,2.0,40-60 midden,40.0,17.0,"0,5",75625.41661,28783.115,49.06832298136646,50.931677018633536,10.559006211180124,16.149068322981368,21.73913043478261,31.05590062111801,20.496894409937887,44.827586206896555,28.735632183908045,8.045977011494253,17.24137931034483,1.0,1.8505747126436782,1.8505747126436782,50.0
E1775N3160,845,420.0,425.0,80.0,160.0,260.0,250.0,95.0,530.0,325.0,110.0,35.0,55.0,510.0,40.0,60.0,145.0,45.0,185.0,2.0,20-60 below middle to middle,55.0,14.0,"0,8",75625.41661,33402.28,49.70414201183432,50.29585798816568,9.467455621301776,18.93491124260355,30.76923076923077,29.585798816568047,11.242603550295858,61.32075471698113,20.754716981132077,6.60377358490566,10.377358490566039,1.0392156862745099,1.6568627450980393,1.5943396226415094,40.0
E1775N3165,850,420.0,430.0,125.0,110.0,200.0,235.0,175.0,405.0,175.0,95.0,35.0,95.0,375.0,40.0,60.0,195.0,5.0,205.0,1.0,20-40 below middle,58.0,12.0,"0,2",75625.41661,38021.445,49.411764705882355,50.588235294117645,14.705882352941178,12.941176470588237,23.52941176470588,27.647058823529413,20.588235294117645,43.20987654320987,23.456790123456788,8.641975308641975,23.456790123456788,1.08,2.2666666666666666,2.0987654320987654,30.0
E1775N3170,2275,1050.0,1225.0,170.0,480.0,620.0,465.0,545.0,1420.0,910.0,315.0,55.0,130.0,1355.0,30.0,70.0,355.0,165.0,194.0,1.0,20-40 below middle,55.0,10.0,"0,5",75625.41661,42640.61,46.15384615384615,53.84615384615385,7.472527472527473,21.0989010989011,27.252747252747252,20.439560439560438,23.956043956043956,64.08450704225352,22.183098591549296,3.873239436619718,9.15492957746479,1.047970479704797,1.6789667896678966,1.602112676056338,30.0
E1775N3175,1355,625.0,730.0,70.0,425.0,420.0,225.0,220.0,945.0,655.0,200.0,20.0,60.0,785.0,20.0,70.0,95.0,90.0,181.0,1.0,20-40 below middle,55.0,13.0,"0,4",75625.41661,47259.775,46.125461254612546,53.874538745387454,5.166051660516605,31.365313653136536,30.996309963099634,16.605166051660518,16.236162361623617,69.31216931216932,21.164021164021165,2.1164021164021163,6.349206349206349,1.2038216560509554,1.7261146496815287,1.433862433862434,30.0
E1775N3180,1325,650.0,675.0,140.0,180.0,365.0,365.0,280.0,800.0,480.0,155.0,75.0,90.0,795.0,10.0,90.0,585.0,75.0,145.0,1.0,20-40 below middle,73.0,3.0,"0,4",75625.41661,51878.94,49.056603773584904,50.943396226415096,10.566037735849058,13.584905660377359,27.547169811320753,27.547169811320753,21.132075471698116,60.0,19.375,9.375,11.25,1.0062893081761006,1.6666666666666667,1.65625,30.0
E1775N3185,1210,630.0,580.0,180.0,255.0,290.0,310.0,175.0,640.0,350.0,125.0,70.0,90.0,605.0,10.0,90.0,455.0,50.0,138.0,2.0,00-20 low,76.0,2.0,"0,8",75625.41661,56498.105,52.066115702479344,47.93388429752066,14.87603305785124,21.074380165289256,23.96694214876033,25.6198347107438,14.46280991735537,54.6875,19.53125,10.9375,14.0625,1.0578512396694215,2.0,1.890625,10.0
E1775N3190,1225,620.0,605.0,105.0,285.0,380.0,280.0,180.0,790.0,510.0,160.0,50.0,65.0,675.0,20.0,80.0,335.0,30.0,129.0,3.0,20-40 below middle,74.0,3.0,"0,5",75625.41661,61117.27,50.61224489795918,49.38775510204081,8.571428571428571,23.26530612244898,31.020408163265305,22.857142857142858,14.69387755102041,64.55696202531645,20.253164556962027,6.329113924050633,8.227848101265822,1.1703703703703703,1.8148148148148149,1.5506329113924051,30.0
E1775N3195,955,405.0,550.0,95.0,370.0,160.0,215.0,115.0,375.0,170.0,95.0,50.0,55.0,330.0,20.0,80.0,240.0,10.0,156.0,3.0,20-40 below middle,59.0,6.0,"1,2",75625.41661,65736.435,42.40837696335078,57.59162303664922,9.947643979057592,38.7434554973822,16.75392670157068,22.5130890052356,12.041884816753926,45.33333333333333,25.333333333333336,13.333333333333334,14.666666666666666,1.1363636363636365,2.893939393939394,2.546666666666667,30.0
E1775N3200,20,15.0,10.0,0.0,0.0,5.0,5.0,0.0,15.0,10.0,0.0,0.0,0.0,15.0,40.0,60.0,5.0,5.0,125.0,4.0,00-40 laag tot onder midden,,,"1,6",75625.41661,70355.6,75.0,50.0,0.0,0.0,25.0,25.0,0.0,66.66666666666666,0.0,0.0,0.0,1.0,1.3333333333333333,1.3333333333333333,20.0
E1775N3205,3,1.0,2.0,1.0,0.0,2.0,0.0,0.0,1.0,0.0,0.0,0.0,1.0,1.0,0.0,0.0,0.0,5.0,,5.0,,,,,75625.41661,74974.765,33.33333333333333,66.66666666666666,33.33333333333333,0.0,66.66666666666666,0.0,0.0,0.0,0.0,0.0,100.0,1.0,3.0,3.0,
E1775N3210,3,1.0,2.0,1.0,0.0,2.0,0.0,0.0,1.0,0.0,0.0,0.0,1.0,1.0,0.0,0.0,0.0,0.0,,5.0,,,,,75625.41661,79593.93,33.33333333333333,66.66666666666666,33.33333333333333,0.0,66.66666666666666,0.0,0.0,0.0,0.0,0.0,100.0,1.0,3.0,3.0,
E1775N3215,3,2.0,1.0,1.0,0.0,2.0,0.0,0.0,1.0,0.0,0.0,0.0,1.0,1.0,0.0,0.0,0.0,0.0,,5.0,,,,,75625.41661,84213.095,66.66666666666666,33.33333333333333,33.33333333333333,0.0,66.66666666666666,0.0,0.0,0.0,0.0,0.0,100.0,1.0,3.0,3.0,
E1780N3125,3,2.0,1.0,1.0,0.0,2.0,0.0,0.0,1.0,0.0,0.0,0.0,1.0,1.0,0.0,0.0,0.0,0.0,,5.0,,,,,82820.33327,1068.125,66.66666666666666,33.33333333333333,33.33333333333333,0.0,66.66666666666666,0.0,0.0,0.0,0.0,0.0,100.0,1.0,3.0,3.0,
E1780N3130,85,45.0,40.0,10.0,15.0,15.0,25.0,15.0,35.0,15.0,10.0,0.0,10.0,30.0,90.0,0.0,0.0,0.0,297.0,5.0,40-80 middle to above middle,,,"0,3",82820.33327,5687.29,52.94117647058824,47.05882352941176,11.76470588235294,17.647058823529413,17.647058823529413,29.411764705882355,17.647058823529413,42.857142857142854,28.57142857142857,0.0,28.57142857142857,1.1666666666666667,2.8333333333333335,2.4285714285714284,60.0
E1780N3135,35,15.0,20.0,5.0,0.0,5.0,10.0,10.0,15.0,0.0,5.0,0.0,5.0,15.0,60.0,40.0,0.0,0.0,247.0,5.0,40-80 middle to above middle,,,"0,5",82820.33327,10306.455,42.857142857142854,57.14285714285714,14.285714285714285,0.0,14.285714285714285,28.57142857142857,28.57142857142857,0.0,33.33333333333333,0.0,33.33333333333333,1.0,2.3333333333333335,2.3333333333333335,60.0
E1780N3140,145,70.0,75.0,25.0,20.0,30.0,55.0,15.0,55.0,15.0,15.0,0.0,25.0,0.0,0.0,0.0,0.0,0.0,,4.0,20-40 below middle,,,"0,7",82820.33327,14925.62,48.275862068965516,51.724137931034484,17.24137931034483,13.793103448275861,20.689655172413794,37.93103448275862,10.344827586206897,27.27272727272727,27.27272727272727,0.0,45.45454545454545,inf,inf,2.6363636363636362,30.0
E1780N3145,95,50.0,45.0,20.0,15.0,20.0,35.0,5.0,35.0,5.0,10.0,0.0,20.0,25.0,90.0,0.0,0.0,0.0,250.0,3.0,40-80 middle to above middle,,,1,82820.33327,19544.785,52.63157894736842,47.368421052631575,21.052631578947366,15.789473684210526,21.052631578947366,36.84210526315789,5.263157894736842,14.285714285714285,28.57142857142857,0.0,57.14285714285714,1.4,3.8,2.7142857142857144,60.0
E1780N3150,405,205.0,200.0,55.0,45.0,125.0,115.0,60.0,210.0,95.0,60.0,15.0,45.0,210.0,60.0,40.0,40.0,0.0,177.0,2.0,40-60 midden,48.0,12.0,"0,8",82820.33327,24163.95,50.617283950617285,49.382716049382715,13.580246913580247,11.11111111111111,30.864197530864196,28.39506172839506,14.814814814814813,45.23809523809524,28.57142857142857,7.142857142857142,21.428571428571427,1.0,1.9285714285714286,1.9285714285714286,50.0
E1780N3155,290,150.0,140.0,15.0,85.0,80.0,60.0,55.0,215.0,165.0,25.0,10.0,10.0,225.0,10.0,90.0,185.0,10.0,103.0,2.0,00-40 laag tot onder midden,75.0,3.0,"0,8",82820.33327,28783.115,51.724137931034484,48.275862068965516,5.172413793103448,29.310344827586203,27.586206896551722,20.689655172413794,18.96551724137931,76.74418604651163,11.627906976744185,4.651162790697675,4.651162790697675,0.9555555555555556,1.288888888888889,1.3488372093023255,20.0
E1780N3160,205,95.0,110.0,15.0,35.0,45.0,60.0,45.0,110.0,55.0,25.0,15.0,20.0,90.0,10.0,90.0,75.0,0.0,180.0,2.0,20-40 below middle,,,"1,2",82820.33327,33402.28,46.34146341463415,53.65853658536586,7.317073170731707,17.073170731707318,21.951219512195124,29.268292682926827,21.951219512195124,50.0,22.727272727272727,13.636363636363635,18.181818181818183,1.2222222222222223,2.2777777777777777,1.8636363636363635,30.0
E1780N3165,140,80.0,60.0,10.0,30.0,75.0,15.0,10.0,110.0,95.0,10.0,0.0,10.0,165.0,10.0,90.0,0.0,145.0,,1.0,00-20 low,,,"0,9",82820.33327,38021.445,57.14285714285714,42.857142857142854,7.142857142857142,21.428571428571427,53.57142857142857,10.714285714285714,7.142857142857142,86.36363636363636,9.090909090909092,0.0,9.090909090909092,0.6666666666666666,0.8484848484848485,1.2727272727272727,10.0
E1780N3170,605,280.0,325.0,30.0,190.0,160.0,100.0,120.0,415.0,295.0,90.0,10.0,20.0,420.0,30.0,70.0,105.0,40.0,193.0,1.0,20-40 below middle,50.0,9.0,"0,7",82820.33327,42640.61,46.28099173553719,53.71900826446281,4.958677685950414,31.40495867768595,26.446280991735538,16.528925619834713,19.834710743801654,71.08433734939759,21.686746987951807,2.4096385542168677,4.819277108433735,0.9880952380952381,1.4404761904761905,1.4578313253012047,30.0
E1780N3175,2155,980.0,1175.0,255.0,550.0,560.0,480.0,315.0,1255.0,735.0,285.0,40.0,185.0,970.0,50.0,40.0,120.0,50.0,228.0,1.0,20-40 below middle,43.0,20.0,"0,5",82820.33327,47259.775,45.47563805104408,54.524361948955914,11.832946635730858,25.52204176334107,25.986078886310903,22.2737819025522,14.617169373549885,58.56573705179283,22.709163346613543,3.187250996015936,14.741035856573706,1.2938144329896908,2.2216494845360826,1.7171314741035857,30.0
E1780N3180,2305,1130.0,1175.0,345.0,340.0,515.0,710.0,395.0,1140.0,515.0,270.0,120.0,225.0,1075.0,20.0,80.0,775.0,35.0,168.0,2.0,20-40 below middle,65.0,5.0,"0,5",82820.33327,51878.94,49.0238611713666,50.97613882863341,14.967462039045554,14.75054229934924,22.342733188720175,30.80260303687636,17.136659436008678,45.17543859649123,23.684210526315788,10.526315789473683,19.736842105263158,1.0604651162790697,2.144186046511628,2.0219298245614037,30.0
E1780N3185,130,75.0,55.0,10.0,15.0,50.0,35.0,20.0,85.0,45.0,15.0,15.0,5.0,85.0,0.0,100.0,80.0,5.0,111.0,2.0,00-40 laag tot onder midden,,,"0,6",82820.33327,56498.105,57.692307692307686,42.30769230769231,7.6923076923076925,11.538461538461538,38.46153846153847,26.923076923076923,15.384615384615385,52.94117647058824,17.647058823529413,17.647058823529413,5.88235294117647,1.0,1.5294117647058822,1.5294117647058822,20.0
E1780N3190,945,470.0,475.0,115.0,135.0,230.0,250.0,215.0,550.0,300.0,125.0,65.0,60.0,525.0,10.0,90.0,405.0,20.0,141.0,2.0,20-40 below middle,77.0,2.0,"0,3",82820.33327,61117.27,49.735449735449734,50.264550264550266,12.16931216931217,14.285714285714285,24.33862433862434,26.455026455026452,22.75132275132275,54.54545454545454,22.727272727272727,11.818181818181818,10.909090909090908,1.0476190476190477,1.8,1.7181818181818183,30.0
E1780N3195,675,335.0,340.0,150.0,50.0,175.0,185.0,115.0,315.0,120.0,75.0,50.0,70.0,360.0,10.0,90.0,300.0,55.0,138.0,3.0,20-40 below middle,65.0,2.0,"0,4",82820.33327,65736.435,49.629629629629626,50.37037037037037,22.22222222222222,7.4074074074074066,25.925925925925924,27.40740740740741,17.037037037037038,38.095238095238095,23.809523809523807,15.873015873015872,22.22222222222222,0.875,1.875,2.142857142857143,30.0
E1780N3200,15,5.0,5.0,0.0,0.0,0.0,5.0,0.0,5.0,0.0,0.0,0.0,0.0,5.0,0.0,0.0,0.0,0.0,239.0,4.0,,,,"1,2",82820.33327,70355.6,33.33333333333333,33.33333333333333,0.0,0.0,0.0,33.33333333333333,0.0,0.0,0.0,0.0,0.0,1.0,3.0,3.0,
E1780N3205,3,2.0,1.0,1.0,0.0,2.0,0.0,0.0,1.0,0.0,0.0,0.0,1.0,1.0,0.0,0.0,0.0,0.0,,5.0,,,,"1,5",82820.33327,74974.765,66.66666666666666,33.33333333333333,33.33333333333333,0.0,66.66666666666666,0.0,0.0,0.0,0.0,0.0,100.0,1.0,3.0,3.0,
E1780N3210,3,2.0,1.0,1.0,0.0,2.0,0.0,0.0,1.0,0.0,0.0,0.0,1.0,1.0,0.0,0.0,0.0,0.0,,5.0,,,,,82820.33327,79593.93,66.66666666666666,33.33333333333333,33.33333333333333,0.0,66.66666666666666,0.0,0.0,0.0,0.0,0.0,100.0,1.0,3.0,3.0,
E1780N3215,3,2.0,1.0,1.0,0.0,2.0,0.0,0.0,1.0,0.0,0.0,0.0,1.0,1.0,0.0,0.0,0.0,0.0,,5.0,,,,,82820.33327,84213.095,66.66666666666666,33.33333333333333,33.33333333333333,0.0,66.66666666666666,0.0,0.0,0.0,0.0,0.0,100.0,1.0,3.0,3.0,
E1780N3220,10,0.0,0.0,0.0,0.0,0.0,0.0,0.0,5.0,0.0,0.0,0.0,0.0,0.0,0.0,0.0,0.0,0.0,,5.0,,,,"1,6",82820.33327,88832.26,0.0,0.0,0.0,0.0,0.0,0.0,0.0,0.0,0.0,0.0,0.0,inf,inf,2.0,
E1785N3125,125,60.0,65.0,20.0,15.0,45.0,40.0,5.0,55.0,10.0,15.0,10.0,20.0,55.0,80.0,20.0,0.0,0.0,218.0,5.0,40-80 middle to above middle,,,1,90015.24994,1068.125,48.0,52.0,16.0,12.0,36.0,32.0,4.0,18.181818181818183,27.27272727272727,18.181818181818183,36.36363636363637,1.0,2.272727272727273,2.272727272727273,60.0
E1785N3130,320,165.0,160.0,50.0,35.0,75.0,110.0,50.0,135.0,30.0,50.0,10.0,45.0,130.0,80.0,20.0,0.0,0.0,218.0,5.0,40-80 middle to above middle,28.0,21.0,"0,7",90015.24994,5687.29,51.5625,50.0,15.625,10.9375,23.4375,34.375,15.625,22.22222222222222,37.03703703703704,7.4074074074074066,33.33333333333333,1.0384615384615385,2.4615384615384617,2.3703703703703702,60.0
E1785N3135,3,1.0,2.0,1.0,0.0,2.0,0.0,0.0,1.0,0.0,0.0,0.0,1.0,1.0,0.0,0.0,0.0,0.0,,4.0,,,,,90015.24994,10306.455,33.33333333333333,66.66666666666666,33.33333333333333,0.0,66.66666666666666,0.0,0.0,0.0,0.0,0.0,100.0,1.0,3.0,3.0,
E1785N3140,10,5.0,5.0,0.0,0.0,0.0,0.0,5.0,5.0,0.0,5.0,0.0,0.0,5.0,0.0,0.0,0.0,0.0,,4.0,,,,"1,2",90015.24994,14925.62,50.0,50.0,0.0,0.0,0.0,0.0,50.0,0.0,100.0,0.0,0.0,1.0,2.0,2.0,
E1785N3145,1600,810.0,790.0,210.0,215.0,410.0,520.0,245.0,760.0,285.0,250.0,35.0,190.0,755.0,70.0,30.0,200.0,20.0,214.0,3.0,40-60 midden,34.0,18.0,"0,8",90015.24994,19544.785,50.625,49.375,13.125,13.4375,25.624999999999996,32.5,15.312500000000002,37.5,32.89473684210527,4.605263157894736,25.0,1.0066225165562914,2.119205298013245,2.1052631578947367,50.0
E1785N3150,2380,1180.0,1200.0,310.0,270.0,725.0,690.0,385.0,1290.0,630.0,335.0,100.0,220.0,1265.0,50.0,50.0,545.0,30.0,156.0,2.0,20-40 below middle,52.0,7.0,"0,5",90015.24994,24163.95,49.57983193277311,50.42016806722689,13.025210084033615,11.344537815126051,30.462184873949578,28.991596638655466,16.176470588235293,48.837209302325576,25.968992248062015,7.751937984496124,17.05426356589147,1.0197628458498025,1.8814229249011858,1.8449612403100775,30.0
E1785N3155,1865,920.0,945.0,250.0,195.0,475.0,575.0,370.0,915.0,355.0,270.0,85.0,205.0,890.0,40.0,60.0,395.0,10.0,177.0,2.0,20-60 below middle to middle,47.0,11.0,"0,7",90015.24994,28783.115,49.32975871313673,50.67024128686327,13.404825737265416,10.455764075067025,25.46916890080429,30.831099195710454,19.839142091152816,38.79781420765027,29.508196721311474,9.289617486338798,22.404371584699454,1.0280898876404494,2.095505617977528,2.0382513661202184,40.0
E1785N3160,1265,625.0,640.0,185.0,175.0,325.0,370.0,210.0,585.0,200.0,200.0,30.0,155.0,580.0,60.0,40.0,110.0,20.0,246.0,2.0,40-60 midden,32.0,22.0,1,90015.24994,33402.28,49.40711462450593,50.59288537549407,14.624505928853754,13.83399209486166,25.691699604743086,29.249011857707508,16.600790513833992,34.18803418803419,34.18803418803419,5.128205128205128,26.495726495726498,1.0086206896551724,2.1810344827586206,2.1623931623931623,50.0
E1785N3165,1425,670.0,755.0,150.0,280.0,380.0,395.0,220.0,805.0,430.0,205.0,40.0,125.0,690.0,50.0,50.0,200.0,40.0,202.0,2.0,20-40 below middle,52.0,15.0,"0,6",90015.24994,38021.445,47.01754385964912,52.98245614035088,10.526315789473683,19.649122807017545,26.666666666666668,27.719298245614034,15.43859649122807,53.41614906832298,25.465838509316768,4.968944099378882,15.527950310559005,1.1666666666666667,2.0652173913043477,1.7701863354037266,30.0
E1785N3170,2030,955.0,1075.0,210.0,415.0,565.0,495.0,335.0,1220.0,725.0,275.0,60.0,155.0,1015.0,50.0,50.0,170.0,55.0,201.0,1.0,20-40 below middle,51.0,13.0,"0,3",90015.24994,42640.61,47.04433497536946,52.95566502463054,10.344827586206897,20.44334975369458,27.832512315270936,24.38423645320197,16.502463054187192,59.42622950819673,22.540983606557376,4.918032786885246,12.704918032786885,1.2019704433497538,2.0,1.6639344262295082,30.0
E1785N3175,1215,570.0,645.0,205.0,225.0,235.0,345.0,210.0,550.0,215.0,145.0,30.0,160.0,500.0,80.0,20.0,5.0,25.0,353.0,2.0,60-80 above middle,22.0,42.0,"0,7",90015.24994,47259.775,46.913580246913575,53.086419753086425,16.872427983539097,18.51851851851852,19.34156378600823,28.39506172839506,17.28395061728395,39.09090909090909,26.36363636363636,5.454545454545454,29.09090909090909,1.1,2.43,2.209090909090909,70.0
E1785N3180,670,325.0,345.0,95.0,165.0,125.0,225.0,55.0,315.0,130.0,75.0,15.0,90.0,230.0,90.0,10.0,10.0,0.0,315.0,2.0,60-80 above middle,16.0,39.0,"1,1",90015.24994,51878.94,48.507462686567166,51.49253731343284,14.17910447761194,24.62686567164179,18.65671641791045,33.582089552238806,8.208955223880597,41.269841269841265,23.809523809523807,4.761904761904762,28.57142857142857,1.3695652173913044,2.9130434782608696,2.126984126984127,70.0
E1785N3185,440,200.0,240.0,55.0,200.0,45.0,115.0,25.0,265.0,180.0,30.0,10.0,45.0,95.0,70.0,30.0,20.0,0.0,355.0,2.0,60-80 above middle,28.0,41.0,"1,1",90015.24994,56498.105,45.45454545454545,54.54545454545454,12.5,45.45454545454545,10.227272727272728,26.136363636363637,5.681818181818182,67.9245283018868,11.320754716981133,3.7735849056603774,16.9811320754717,2.789473684210526,4.631578947368421,1.6603773584905661,70.0
E1785N3190,275,110.0,165.0,10.0,10.0,20.0,50.0,185.0,110.0,80.0,30.0,0.0,0.0,145.0,0.0,100.0,140.0,25.0,149.0,3.0,00-40 laag tot onder midden,90.0,0.0,"0,7",90015.24994,61117.27,40.0,60.0,3.6363636363636362,3.6363636363636362,7.2727272727272725,18.181818181818183,67.27272727272727,72.72727272727273,27.27272727272727,0.0,0.0,0.7586206896551724,1.896551724137931,2.5,20.0
E1785N3195,90,45.0,45.0,15.0,10.0,20.0,20.0,25.0,40.0,15.0,15.0,0.0,10.0,35.0,90.0,0.0,0.0,0.0,273.0,3.0,40-80 middle to above middle,,,"0,5",90015.24994,65736.435,50.0,50.0,16.666666666666664,11.11111111111111,22.22222222222222,22.22222222222222,27.77777777777778,37.5,37.5,0.0,25.0,1.1428571428571428,2.5714285714285716,2.25,60.0
E1785N3200,30,15.0,15.0,0.0,0.0,5.0,10.0,10.0,15.0,0.0,5.0,0.0,0.0,15.0,90.0,0.0,0.0,0.0,239.0,5.0,20-60 below middle to middle,,,"1,2",90015.24994,70355.6,50.0,50.0,0.0,0.0,16.666666666666664,33.33333333333333,33.33333333333333,0.0,33.33333333333333,0.0,0.0,1.0,2.0,2.0,40.0
E1785N3205,3,1.0,2.0,1.0,0.0,2.0,0.0,0.0,1.0,0.0,0.0,0.0,1.0,1.0,0.0,0.0,0.0,0.0,,5.0,,,,1,90015.24994,74974.765,33.33333333333333,66.66666666666666,33.33333333333333,0.0,66.66666666666666,0.0,0.0,0.0,0.0,0.0,100.0,1.0,3.0,3.0,
E1785N3210,3,2.0,1.0,1.0,0.0,2.0,0.0,0.0,1.0,0.0,0.0,0.0,1.0,1.0,0.0,0.0,0.0,0.0,,5.0,,,,"1,9",90015.24994,79593.93,66.66666666666666,33.33333333333333,33.33333333333333,0.0,66.66666666666666,0.0,0.0,0.0,0.0,0.0,100.0,1.0,3.0,3.0,
E1785N3215,3,2.0,1.0,1.0,0.0,2.0,0.0,0.0,1.0,0.0,0.0,0.0,1.0,1.0,0.0,0.0,0.0,0.0,,5.0,,,,,90015.24994,84213.095,66.66666666666666,33.33333333333333,33.33333333333333,0.0,66.66666666666666,0.0,0.0,0.0,0.0,0.0,100.0,1.0,3.0,3.0,
E1785N3220,15,5.0,10.0,0.0,0.0,0.0,5.0,0.0,5.0,0.0,0.0,0.0,0.0,10.0,0.0,0.0,0.0,0.0,166.0,5.0,,,,"1,6",90015.24994,88832.26,33.33333333333333,66.66666666666666,0.0,0.0,0.0,33.33333333333333,0.0,0.0,0.0,0.0,0.0,0.5,1.5,3.0,
E1790N3130,915,465.0,450.0,125.0,80.0,170.0,260.0,280.0,400.0,100.0,165.0,20.0,115.0,405.0,80.0,20.0,20.0,10.0,259.0,5.0,40-60 midden,30.0,19.0,"0,9",97210.16661,5687.29,50.81967213114754,49.18032786885246,13.661202185792352,8.743169398907105,18.579234972677597,28.415300546448087,30.601092896174865,25.0,41.25,5.0,28.749999999999996,0.9876543209876543,2.259259259259259,2.2875,50.0
E1790N3135,490,240.0,245.0,45.0,70.0,65.0,165.0,145.0,230.0,70.0,95.0,5.0,50.0,235.0,70.0,30.0,20.0,20.0,303.0,5.0,60-80 above middle,29.0,29.0,"1,1",97210.16661,10306.455,48.97959183673469,50.0,9.183673469387756,14.285714285714285,13.26530612244898,33.6734693877551,29.591836734693878,30.434782608695656,41.30434782608695,2.1739130434782608,21.73913043478261,0.9787234042553191,2.0851063829787235,2.130434782608696,70.0
E1790N3140,25,15.0,10.0,10.0,0.0,10.0,0.0,0.0,5.0,0.0,0.0,0.0,5.0,5.0,0.0,0.0,0.0,0.0,309.0,4.0,,,,"1,2",97210.16661,14925.62,60.0,40.0,40.0,0.0,40.0,0.0,0.0,0.0,0.0,0.0,100.0,1.0,5.0,5.0,
E1790N3145,100,50.0,50.0,15.0,0.0,40.0,25.0,15.0,45.0,15.0,15.0,0.0,15.0,45.0,100.0,0.0,0.0,0.0,270.0,4.0,60-80 above middle,,,"0,7",97210.16661,19544.785,50.0,50.0,15.0,0.0,40.0,25.0,15.0,33.33333333333333,33.33333333333333,0.0,33.33333333333333,1.0,2.2222222222222223,2.2222222222222223,70.0
E1790N3150,100,50.0,50.0,15.0,5.0,30.0,20.0,25.0,45.0,15.0,20.0,0.0,10.0,45.0,70.0,30.0,5.0,0.0,260.0,3.0,40-80 middle to above middle,,,"0,3",97210.16661,24163.95,50.0,50.0,15.0,5.0,30.0,20.0,25.0,33.33333333333333,44.44444444444444,0.0,22.22222222222222,1.0,2.2222222222222223,2.2222222222222223,60.0
E1790N3155,675,350.0,325.0,120.0,90.0,125.0,260.0,70.0,255.0,40.0,90.0,20.0,110.0,260.0,80.0,20.0,10.0,5.0,445.0,2.0,80-100 high,14.0,59.0,"0,6",97210.16661,28783.115,51.85185185185185,48.148148148148145,17.77777777777778,13.333333333333334,18.51851851851852,38.51851851851852,10.37037037037037,15.686274509803921,35.294117647058826,7.8431372549019605,43.13725490196079,0.9807692307692307,2.5961538461538463,2.6470588235294117,90.0
E1790N3160,975,420.0,555.0,130.0,120.0,150.0,255.0,325.0,400.0,135.0,120.0,50.0,95.0,420.0,40.0,60.0,170.0,5.0,233.0,2.0,20-40 below middle,48.0,16.0,1,97210.16661,33402.28,43.07692307692308,56.92307692307692,13.333333333333334,12.307692307692308,15.384615384615385,26.153846153846157,33.33333333333333,33.75,30.0,12.5,23.75,0.9523809523809523,2.3214285714285716,2.4375,30.0
E1790N3165,1560,750.0,815.0,150.0,155.0,350.0,415.0,490.0,880.0,420.0,270.0,55.0,135.0,830.0,50.0,50.0,365.0,25.0,188.0,2.0,20-60 below middle to middle,54.0,9.0,"0,7",97210.16661,38021.445,48.07692307692308,52.243589743589745,9.615384615384617,9.935897435897436,22.435897435897438,26.602564102564102,31.41025641025641,47.72727272727273,30.681818181818183,6.25,15.340909090909092,1.0602409638554218,1.8795180722891567,1.7727272727272727,40.0
E1790N3170,1040,520.0,520.0,120.0,110.0,235.0,275.0,305.0,580.0,275.0,180.0,35.0,85.0,580.0,40.0,60.0,290.0,25.0,234.0,2.0,20-40 below middle,55.0,16.0,"0,4",97210.16661,42640.61,50.0,50.0,11.538461538461538,10.576923076923077,22.596153846153847,26.442307692307693,29.326923076923077,47.41379310344828,31.03448275862069,6.0344827586206895,14.655172413793101,1.0,1.793103448275862,1.793103448275862,30.0
E1790N3175,630,290.0,340.0,50.0,150.0,120.0,160.0,150.0,390.0,255.0,80.0,15.0,40.0,285.0,40.0,60.0,110.0,10.0,269.0,2.0,20-40 below middle,54.0,23.0,"0,7",97210.16661,47259.775,46.03174603174603,53.96825396825397,7.936507936507936,23.809523809523807,19.047619047619047,25.396825396825395,23.809523809523807,65.38461538461539,20.51282051282051,3.8461538461538463,10.256410256410255,1.368421052631579,2.210526315789474,1.6153846153846154,30.0
E1790N3180,195,90.0,105.0,30.0,45.0,45.0,45.0,25.0,105.0,60.0,25.0,0.0,20.0,85.0,60.0,40.0,5.0,15.0,310.0,3.0,20-40 below middle,,,1,97210.16661,51878.94,46.15384615384615,53.84615384615385,15.384615384615385,23.076923076923077,23.076923076923077,23.076923076923077,12.82051282051282,57.14285714285714,23.809523809523807,0.0,19.047619047619047,1.2352941176470589,2.2941176470588234,1.8571428571428572,30.0
E1790N3185,1005,490.0,515.0,130.0,155.0,170.0,370.0,180.0,405.0,80.0,145.0,30.0,155.0,395.0,90.0,10.0,20.0,5.0,321.0,3.0,60-80 above middle,15.0,31.0,"0,8",97210.16661,56498.105,48.756218905472636,51.243781094527364,12.935323383084576,15.422885572139302,16.91542288557214,36.81592039800995,17.91044776119403,19.753086419753085,35.80246913580247,7.4074074074074066,38.2716049382716,1.0253164556962024,2.5443037974683542,2.4814814814814814,70.0
E1790N3190,1300,640.0,665.0,135.0,155.0,235.0,390.0,385.0,635.0,235.0,220.0,45.0,135.0,645.0,60.0,40.0,180.0,30.0,247.0,3.0,40-60 midden,39.0,18.0,"0,3",97210.16661,61117.27,49.23076923076923,51.153846153846146,10.384615384615385,11.923076923076923,18.076923076923077,30.0,29.615384615384617,37.00787401574803,34.645669291338585,7.086614173228346,21.25984251968504,0.9844961240310077,2.0155038759689923,2.047244094488189,50.0
E1790N3195,1190,575.0,620.0,145.0,135.0,225.0,355.0,330.0,565.0,195.0,200.0,45.0,125.0,575.0,60.0,40.0,190.0,20.0,235.0,4.0,40-60 midden,42.0,14.0,"0,5",97210.16661,65736.435,48.319327731092436,52.10084033613446,12.184873949579831,11.344537815126051,18.907563025210084,29.831932773109244,27.73109243697479,34.51327433628318,35.39823008849557,7.964601769911504,22.123893805309734,0.9826086956521739,2.0695652173913044,2.106194690265487,50.0
E1790N3200,65,30.0,35.0,0.0,10.0,5.0,25.0,20.0,30.0,10.0,15.0,0.0,10.0,25.0,90.0,0.0,0.0,0.0,370.0,4.0,60-80 above middle,,,"0,8",97210.16661,70355.6,46.15384615384615,53.84615384615385,0.0,15.384615384615385,7.6923076923076925,38.46153846153847,30.76923076923077,33.33333333333333,50.0,0.0,33.33333333333333,1.2,2.6,2.1666666666666665,70.0
E1790N3205,30,15.0,15.0,5.0,0.0,10.0,5.0,5.0,15.0,0.0,0.0,0.0,5.0,15.0,80.0,0.0,0.0,0.0,254.0,5.0,20-60 below middle to middle,,,"0,6",97210.16661,74974.765,50.0,50.0,16.666666666666664,0.0,33.33333333333333,16.666666666666664,16.666666666666664,0.0,0.0,0.0,33.33333333333333,1.0,2.0,2.0,40.0
E1790N3210,5,0.0,0.0,0.0,0.0,0.0,5.0,0.0,5.0,0.0,0.0,0.0,0.0,5.0,0.0,0.0,0.0,0.0,537.0,5.0,,,,"1,6",97210.16661,79593.93,0.0,0.0,0.0,0.0,0.0,100.0,0.0,0.0,0.0,0.0,0.0,1.0,1.0,1.0,
E1790N3215,70,35.0,35.0,15.0,5.0,15.0,15.0,20.0,25.0,0.0,10.0,0.0,15.0,25.0,100.0,0.0,0.0,0.0,326.0,5.0,60-80 above middle,,,"1,7",97210.16661,84213.095,50.0,50.0,21.428571428571427,7.142857142857142,21.428571428571427,21.428571428571427,28.57142857142857,0.0,40.0,0.0,60.0,1.0,2.8,2.8,70.0
E1790N3220,160,80.0,80.0,15.0,10.0,25.0,45.0,60.0,75.0,15.0,40.0,0.0,15.0,80.0,90.0,10.0,0.0,5.0,279.0,4.0,60-80 above middle,,,"0,8",97210.16661,88832.26,50.0,50.0,9.375,6.25,15.625,28.125,37.5,20.0,53.333333333333336,0.0,20.0,0.9375,2.0,2.1333333333333333,70.0
E1795N3130,85,40.0,45.0,0.0,5.0,5.0,25.0,45.0,40.0,10.0,25.0,0.0,5.0,40.0,100.0,0.0,0.0,0.0,391.0,5.0,80-100 high,,,"1,2",104405.0833,5687.29,47.05882352941176,52.94117647058824,0.0,5.88235294117647,5.88235294117647,29.411764705882355,52.94117647058824,25.0,62.5,0.0,12.5,1.0,2.125,2.125,90.0
E1795N3135,75,40.0,35.0,0.0,10.0,0.0,30.0,30.0,30.0,0.0,20.0,0.0,10.0,30.0,100.0,0.0,0.0,0.0,421.0,5.0,80-100 high,,,"1,3",104405.0833,10306.455,53.333333333333336,46.666666666666664,0.0,13.333333333333334,0.0,40.0,40.0,0.0,66.66666666666666,0.0,33.33333333333333,1.0,2.5,2.5,90.0
E1795N3150,3,2.0,1.0,1.0,0.0,2.0,0.0,0.0,1.0,0.0,0.0,0.0,1.0,1.0,0.0,0.0,0.0,0.0,,,,,,,104405.0833,24163.95,66.66666666666666,33.33333333333333,33.33333333333333,0.0,66.66666666666666,0.0,0.0,0.0,0.0,0.0,100.0,1.0,3.0,3.0,
E1795N3160,70,35.0,35.0,10.0,5.0,15.0,15.0,30.0,35.0,10.0,20.0,0.0,5.0,35.0,70.0,30.0,10.0,0.0,233.0,4.0,40-60 midden,,,"1,2",104405.0833,33402.28,50.0,50.0,14.285714285714285,7.142857142857142,21.428571428571427,21.428571428571427,42.857142857142854,28.57142857142857,57.14285714285714,0.0,14.285714285714285,1.0,2.0,2.0,50.0
E1795N3165,420,215.0,205.0,45.0,40.0,80.0,110.0,150.0,210.0,75.0,85.0,5.0,45.0,215.0,80.0,20.0,30.0,5.0,287.0,3.0,40-60 midden,34.0,23.0,"0,9",104405.0833,38021.445,51.19047619047619,48.80952380952381,10.714285714285714,9.523809523809524,19.047619047619047,26.190476190476193,35.714285714285715,35.714285714285715,40.476190476190474,2.380952380952381,21.428571428571427,0.9767441860465116,1.9534883720930232,2.0,50.0
E1795N3170,340,170.0,165.0,55.0,30.0,45.0,110.0,105.0,145.0,30.0,70.0,0.0,40.0,145.0,100.0,0.0,0.0,0.0,411.0,3.0,60-100 above middle to high,12.0,50.0,"0,9",104405.0833,42640.61,50.0,48.529411764705884,16.176470588235293,8.823529411764707,13.23529411764706,32.35294117647059,30.88235294117647,20.689655172413794,48.275862068965516,0.0,27.586206896551722,1.0,2.3448275862068964,2.3448275862068964,80.0
E1795N3175,250,140.0,110.0,20.0,15.0,40.0,80.0,95.0,70.0,10.0,35.0,0.0,20.0,150.0,40.0,60.0,0.0,80.0,,4.0,60-100 above middle to high,,,"1,1",104405.0833,47259.775,56.00000000000001,44.0,8.0,6.0,16.0,32.0,38.0,14.285714285714285,50.0,0.0,28.57142857142857,0.4666666666666667,1.6666666666666667,3.5714285714285716,80.0
E1795N3180,5,0.0,0.0,0.0,0.0,0.0,0.0,5.0,0.0,0.0,0.0,0.0,0.0,0.0,0.0,0.0,0.0,0.0,,4.0,,,,"1,5",104405.0833,51878.94,0.0,0.0,0.0,0.0,0.0,0.0,100.0,,,,,,inf,inf,
E1795N3185,665,330.0,335.0,110.0,115.0,90.0,295.0,60.0,225.0,15.0,70.0,10.0,130.0,225.0,100.0,0.0,0.0,0.0,420.0,4.0,60-80 above middle,4.0,54.0,"0,9",104405.0833,56498.105,49.62406015037594,50.37593984962406,16.541353383458645,17.293233082706767,13.533834586466165,44.3609022556391,9.022556390977442,6.666666666666667,31.11111111111111,4.444444444444445,57.77777777777777,1.0,2.9555555555555557,2.9555555555555557,70.0
E1795N3190,865,430.0,430.0,155.0,100.0,215.0,265.0,125.0,355.0,75.0,120.0,30.0,130.0,340.0,90.0,10.0,10.0,10.0,262.0,4.0,60-80 above middle,18.0,27.0,"0,5",104405.0833,61117.27,49.71098265895954,49.71098265895954,17.91907514450867,11.560693641618498,24.85549132947977,30.63583815028902,14.450867052023122,21.12676056338028,33.80281690140845,8.450704225352112,36.61971830985916,1.0441176470588236,2.5441176470588234,2.436619718309859,70.0
E1795N3195,530,230.0,300.0,100.0,35.0,85.0,100.0,210.0,220.0,90.0,65.0,5.0,60.0,245.0,50.0,50.0,130.0,10.0,351.0,4.0,20-60 below middle to middle,56.0,25.0,"0,7",104405.0833,65736.435,43.39622641509434,56.60377358490566,18.867924528301888,6.60377358490566,16.037735849056602,18.867924528301888,39.62264150943396,40.909090909090914,29.545454545454547,2.272727272727273,27.27272727272727,0.8979591836734694,2.163265306122449,2.409090909090909,40.0
E1795N3200,40,15.0,20.0,10.0,0.0,10.0,10.0,0.0,10.0,0.0,0.0,0.0,5.0,10.0,80.0,0.0,0.0,0.0,654.0,4.0,,,,"1,1",104405.0833,70355.6,37.5,50.0,25.0,0.0,25.0,25.0,0.0,0.0,0.0,0.0,50.0,1.0,4.0,4.0,
E1795N3205,955,475.0,480.0,135.0,120.0,215.0,295.0,190.0,445.0,155.0,130.0,45.0,115.0,450.0,60.0,40.0,125.0,15.0,194.0,5.0,40-60 midden,47.0,14.0,"0,3",104405.0833,74974.765,49.73821989528796,50.26178010471204,14.136125654450263,12.56544502617801,22.5130890052356,30.89005235602094,19.895287958115183,34.831460674157306,29.213483146067414,10.112359550561797,25.842696629213485,0.9888888888888889,2.1222222222222222,2.146067415730337,50.0
E1795N3210,385,195.0,195.0,50.0,40.0,85.0,125.0,90.0,180.0,55.0,65.0,10.0,45.0,185.0,80.0,20.0,30.0,5.0,231.0,4.0,40-60 midden,34.0,16.0,"0,6",104405.0833,79593.93,50.649350649350644,50.649350649350644,12.987012987012985,10.38961038961039,22.07792207792208,32.467532467532465,23.376623376623375,30.555555555555557,36.11111111111111,5.555555555555555,25.0,0.972972972972973,2.081081081081081,2.138888888888889,50.0
E1795N3215,120,60.0,60.0,10.0,20.0,25.0,50.0,15.0,55.0,20.0,20.0,0.0,15.0,45.0,80.0,20.0,5.0,0.0,232.0,3.0,40-60 midden,,,1,104405.0833,84213.095,50.0,50.0,8.333333333333332,16.666666666666664,20.833333333333336,41.66666666666667,12.5,36.36363636363637,36.36363636363637,0.0,27.27272727272727,1.2222222222222223,2.6666666666666665,2.1818181818181817,50.0
E1795N3220,475,230.0,245.0,65.0,50.0,90.0,155.0,115.0,210.0,50.0,95.0,10.0,55.0,215.0,90.0,10.0,10.0,5.0,265.0,4.0,60-80 above middle,16.0,27.0,"0,9",104405.0833,88832.26,48.421052631578945,51.578947368421055,13.684210526315791,10.526315789473683,18.947368421052634,32.631578947368425,24.210526315789473,23.809523809523807,45.23809523809524,4.761904761904762,26.190476190476193,0.9767441860465116,2.2093023255813953,2.261904761904762,70.0
E1800N3150,3,1.0,2.0,1.0,0.0,2.0,0.0,0.0,1.0,0.0,0.0,0.0,1.0,1.0,0.0,0.0,0.0,0.0,,,,,,,111599.9999,24163.95,33.33333333333333,66.66666666666666,33.33333333333333,0.0,66.66666666666666,0.0,0.0,0.0,0.0,0.0,100.0,1.0,3.0,3.0,
E1800N3160,75,50.0,25.0,10.0,60.0,0.0,0.0,0.0,0.0,0.0,0.0,0.0,0.0,5.0,0.0,0.0,0.0,0.0,188.0,5.0,,,,"1,5",111599.9999,33402.28,66.66666666666666,33.33333333333333,13.333333333333334,80.0,0.0,0.0,0.0,,,,,0.0,15.0,inf,
E1800N3165,25,15.0,15.0,5.0,0.0,5.0,10.0,5.0,10.0,5.0,0.0,0.0,0.0,20.0,40.0,60.0,0.0,10.0,,5.0,40-80 middle to above middle,,,"1,3",111599.9999,38021.445,60.0,60.0,20.0,0.0,20.0,40.0,20.0,50.0,0.0,0.0,0.0,0.5,1.25,2.5,60.0
E1800N3175,3,2.0,1.0,1.0,0.0,2.0,0.0,0.0,1.0,0.0,0.0,0.0,1.0,1.0,0.0,0.0,0.0,0.0,,5.0,,,,,111599.9999,47259.775,66.66666666666666,33.33333333333333,33.33333333333333,0.0,66.66666666666666,0.0,0.0,0.0,0.0,0.0,100.0,1.0,3.0,3.0,
E1800N3180,3,1.0,2.0,1.0,0.0,2.0,0.0,0.0,1.0,0.0,0.0,0.0,1.0,1.0,0.0,0.0,0.0,0.0,,,,,,,111599.9999,51878.94,33.33333333333333,66.66666666666666,33.33333333333333,0.0,66.66666666666666,0.0,0.0,0.0,0.0,0.0,100.0,1.0,3.0,3.0,
E1800N3190,3,1.0,2.0,1.0,0.0,2.0,0.0,0.0,1.0,0.0,0.0,0.0,1.0,1.0,0.0,0.0,0.0,0.0,,,,,,,111599.9999,61117.27,33.33333333333333,66.66666666666666,33.33333333333333,0.0,66.66666666666666,0.0,0.0,0.0,0.0,0.0,100.0,1.0,3.0,3.0,
E1800N3200,3,1.0,2.0,1.0,0.0,2.0,0.0,0.0,1.0,0.0,0.0,0.0,1.0,1.0,0.0,0.0,0.0,0.0,,5.0,,,,,111599.9999,70355.6,33.33333333333333,66.66666666666666,33.33333333333333,0.0,66.66666666666666,0.0,0.0,0.0,0.0,0.0,100.0,1.0,3.0,3.0,
E1800N3205,130,75.0,55.0,15.0,15.0,25.0,40.0,35.0,55.0,10.0,20.0,5.0,20.0,50.0,60.0,40.0,15.0,0.0,207.0,5.0,20-60 below middle to middle,,,"0,5",111599.9999,74974.765,57.692307692307686,42.30769230769231,11.538461538461538,11.538461538461538,19.230769230769234,30.76923076923077,26.923076923076923,18.181818181818183,36.36363636363637,9.090909090909092,36.36363636363637,1.1,2.6,2.3636363636363638,40.0
E1800N3210,110,55.0,55.0,15.0,15.0,15.0,35.0,35.0,55.0,20.0,20.0,0.0,10.0,60.0,80.0,20.0,0.0,5.0,242.0,4.0,40-60 midden,,,"0,7",111599.9999,79593.93,50.0,50.0,13.636363636363635,13.636363636363635,13.636363636363635,31.818181818181817,31.818181818181817,36.36363636363637,36.36363636363637,0.0,18.181818181818183,0.9166666666666666,1.8333333333333333,2.0,50.0
E1800N3215,720,360.0,360.0,100.0,80.0,145.0,220.0,170.0,340.0,125.0,115.0,15.0,85.0,350.0,60.0,40.0,85.0,15.0,261.0,3.0,40-60 midden,36.0,24.0,"0,6",111599.9999,84213.095,50.0,50.0,13.88888888888889,11.11111111111111,20.13888888888889,30.555555555555557,23.61111111111111,36.76470588235294,33.82352941176471,4.411764705882353,25.0,0.9714285714285714,2.057142857142857,2.1176470588235294,50.0
E1800N3220,1125,525.0,595.0,180.0,110.0,240.0,330.0,270.0,515.0,155.0,170.0,65.0,120.0,520.0,50.0,50.0,255.0,15.0,195.0,4.0,20-60 below middle to middle,47.0,10.0,"0,9",111599.9999,88832.26,46.666666666666664,52.888888888888886,16.0,9.777777777777779,21.333333333333336,29.333333333333332,24.0,30.097087378640776,33.00970873786408,12.62135922330097,23.300970873786408,0.9903846153846154,2.1634615384615383,2.1844660194174756,40.0
E1800N3225,20,10.0,5.0,0.0,0.0,0.0,5.0,0.0,10.0,0.0,0.0,0.0,0.0,10.0,60.0,0.0,0.0,0.0,202.0,4.0,,,,"1,2",111599.9999,93451.425,50.0,25.0,0.0,0.0,0.0,25.0,0.0,0.0,0.0,0.0,0.0,1.0,2.0,2.0,
E1805N3130,3,1.0,2.0,1.0,0.0,2.0,0.0,0.0,1.0,0.0,0.0,0.0,1.0,1.0,0.0,0.0,0.0,0.0,,5.0,,,,,118794.9166,5687.29,33.33333333333333,66.66666666666666,33.33333333333333,0.0,66.66666666666666,0.0,0.0,0.0,0.0,0.0,100.0,1.0,3.0,3.0,
E1805N3150,15,5.0,10.0,0.0,0.0,5.0,5.0,0.0,10.0,0.0,0.0,0.0,0.0,10.0,0.0,0.0,0.0,0.0,309.0,5.0,20-60 below middle to middle,,,"0,5",118794.9166,24163.95,33.33333333333333,66.66666666666666,0.0,0.0,33.33333333333333,33.33333333333333,0.0,0.0,0.0,0.0,0.0,1.0,1.5,1.5,40.0
E1805N3160,95,50.0,45.0,10.0,15.0,15.0,15.0,40.0,20.0,5.0,5.0,0.0,5.0,60.0,20.0,80.0,0.0,15.0,,5.0,20-60 below middle to middle,,,"0,9",118794.9166,33402.28,52.63157894736842,47.368421052631575,10.526315789473683,15.789473684210526,15.789473684210526,15.789473684210526,42.10526315789473,25.0,25.0,0.0,25.0,0.3333333333333333,1.5833333333333333,4.75,40.0
E1805N3165,10,5.0,5.0,0.0,0.0,5.0,0.0,0.0,5.0,0.0,0.0,0.0,0.0,10.0,0.0,80.0,0.0,10.0,,5.0,,,,"1,4",118794.9166,38021.445,50.0,50.0,0.0,0.0,50.0,0.0,0.0,0.0,0.0,0.0,0.0,0.5,1.0,2.0,
E1805N3175,15,10.0,5.0,0.0,0.0,0.0,0.0,10.0,5.0,0.0,0.0,0.0,0.0,5.0,0.0,0.0,0.0,0.0,684.0,5.0,,,,"2,2",118794.9166,47259.775,66.66666666666666,33.33333333333333,0.0,0.0,0.0,0.0,66.66666666666666,0.0,0.0,0.0,0.0,1.0,3.0,3.0,
E1805N3185,15,10.0,5.0,0.0,0.0,0.0,0.0,0.0,5.0,0.0,0.0,0.0,0.0,0.0,0.0,0.0,0.0,0.0,,5.0,,,,"2,1",118794.9166,56498.105,66.66666666666666,33.33333333333333,0.0,0.0,0.0,0.0,0.0,0.0,0.0,0.0,0.0,inf,inf,3.0,
E1805N3195,3,1.0,2.0,1.0,0.0,2.0,0.0,0.0,1.0,0.0,0.0,0.0,1.0,1.0,0.0,0.0,0.0,0.0,,5.0,,,,,118794.9166,65736.435,33.33333333333333,66.66666666666666,33.33333333333333,0.0,66.66666666666666,0.0,0.0,0.0,0.0,0.0,100.0,1.0,3.0,3.0,
E1805N3205,3,1.0,2.0,1.0,0.0,2.0,0.0,0.0,1.0,0.0,0.0,0.0,1.0,1.0,0.0,0.0,0.0,0.0,,,,,,,118794.9166,74974.765,33.33333333333333,66.66666666666666,33.33333333333333,0.0,66.66666666666666,0.0,0.0,0.0,0.0,0.0,100.0,1.0,3.0,3.0,
E1805N3210,185,85.0,100.0,30.0,15.0,30.0,50.0,60.0,90.0,35.0,30.0,0.0,25.0,80.0,80.0,20.0,15.0,0.0,349.0,4.0,60-80 above middle,,,"0,5",118794.9166,79593.93,45.94594594594595,54.054054054054056,16.216216216216218,8.108108108108109,16.216216216216218,27.027027027027028,32.432432432432435,38.88888888888889,33.33333333333333,0.0,27.77777777777778,1.125,2.3125,2.0555555555555554,70.0
E1805N3215,1115,495.0,620.0,80.0,95.0,200.0,275.0,465.0,650.0,370.0,175.0,35.0,65.0,710.0,30.0,70.0,350.0,75.0,198.0,4.0,20-40 below middle,63.0,10.0,"0,2",118794.9166,84213.095,44.39461883408072,55.60538116591929,7.174887892376682,8.520179372197308,17.937219730941703,24.663677130044842,41.70403587443946,56.92307692307692,26.923076923076923,5.384615384615385,10.0,0.9154929577464789,1.5704225352112675,1.7153846153846153,30.0
E1805N3220,945,470.0,480.0,120.0,75.0,225.0,290.0,235.0,445.0,160.0,140.0,40.0,105.0,445.0,50.0,50.0,195.0,5.0,193.0,4.0,40-60 midden,46.0,13.0,"0,5",118794.9166,88832.26,49.735449735449734,50.79365079365079,12.698412698412698,7.936507936507936,23.809523809523807,30.687830687830687,24.867724867724867,35.95505617977528,31.46067415730337,8.98876404494382,23.595505617977526,1.0,2.1235955056179776,2.1235955056179776,50.0
E1810N3125,100,50.0,50.0,10.0,10.0,15.0,40.0,25.0,45.0,10.0,15.0,0.0,15.0,45.0,80.0,20.0,0.0,0.0,355.0,5.0,60-80 above middle,,,"3,2",125989.8333,1068.125,50.0,50.0,10.0,10.0,15.0,40.0,25.0,22.22222222222222,33.33333333333333,0.0,33.33333333333333,1.0,2.2222222222222223,2.2222222222222223,70.0
E1810N3130,25,15.0,10.0,0.0,0.0,5.0,10.0,0.0,10.0,0.0,0.0,0.0,0.0,10.0,90.0,0.0,0.0,0.0,354.0,5.0,,,,"2,8",125989.8333,5687.29,60.0,40.0,0.0,0.0,20.0,40.0,0.0,0.0,0.0,0.0,0.0,1.0,2.5,2.5,
E1810N3145,3,2.0,1.0,1.0,0.0,2.0,0.0,0.0,1.0,0.0,0.0,0.0,1.0,1.0,0.0,0.0,0.0,0.0,,,,,,,125989.8333,19544.785,66.66666666666666,33.33333333333333,33.33333333333333,0.0,66.66666666666666,0.0,0.0,0.0,0.0,0.0,100.0,1.0,3.0,3.0,
E1810N3150,200,105.0,95.0,25.0,25.0,40.0,80.0,35.0,90.0,30.0,25.0,10.0,30.0,95.0,60.0,40.0,15.0,10.0,262.0,5.0,40-60 midden,,,"0,3",125989.8333,24163.95,52.5,47.5,12.5,12.5,20.0,40.0,17.5,33.33333333333333,27.77777777777778,11.11111111111111,33.33333333333333,0.9473684210526315,2.1052631578947367,2.2222222222222223,50.0
E1810N3155,850,405.0,445.0,100.0,70.0,145.0,225.0,305.0,395.0,105.0,175.0,15.0,95.0,395.0,90.0,10.0,30.0,10.0,289.0,5.0,60-80 above middle,19.0,26.0,"0,4",125989.8333,28783.115,47.647058823529406,52.352941176470594,11.76470588235294,8.235294117647058,17.058823529411764,26.47058823529412,35.88235294117647,26.582278481012654,44.303797468354425,3.79746835443038,24.050632911392405,1.0,2.151898734177215,2.151898734177215,70.0
E1810N3160,230,115.0,115.0,25.0,40.0,25.0,95.0,45.0,90.0,15.0,30.0,0.0,40.0,80.0,100.0,0.0,0.0,0.0,434.0,5.0,60-80 above middle,,,"0,7",125989.8333,33402.28,50.0,50.0,10.869565217391305,17.391304347826086,10.869565217391305,41.30434782608695,19.565217391304348,16.666666666666664,33.33333333333333,0.0,44.44444444444444,1.125,2.875,2.5555555555555554,70.0
E1810N3165,3,2.0,1.0,1.0,0.0,2.0,0.0,0.0,1.0,0.0,0.0,0.0,1.0,1.0,0.0,0.0,0.0,0.0,,5.0,,,,,125989.8333,38021.445,66.66666666666666,33.33333333333333,33.33333333333333,0.0,66.66666666666666,0.0,0.0,0.0,0.0,0.0,100.0,1.0,3.0,3.0,
E1810N3170,150,80.0,70.0,20.0,10.0,35.0,50.0,35.0,65.0,15.0,20.0,0.0,25.0,65.0,80.0,20.0,10.0,0.0,343.0,5.0,60-80 above middle,,,"2,4",125989.8333,42640.61,53.333333333333336,46.666666666666664,13.333333333333334,6.666666666666667,23.333333333333332,33.33333333333333,23.333333333333332,23.076923076923077,30.76923076923077,0.0,38.46153846153847,1.0,2.3076923076923075,2.3076923076923075,70.0
E1810N3180,3,1.0,2.0,1.0,0.0,2.0,0.0,0.0,1.0,0.0,0.0,0.0,1.0,1.0,0.0,0.0,0.0,0.0,,,,,,,125989.8333,51878.94,33.33333333333333,66.66666666666666,33.33333333333333,0.0,66.66666666666666,0.0,0.0,0.0,0.0,0.0,100.0,1.0,3.0,3.0,
E1810N3185,10,5.0,0.0,0.0,0.0,0.0,0.0,5.0,0.0,0.0,0.0,0.0,0.0,0.0,0.0,0.0,0.0,0.0,,5.0,,,,"1,8",125989.8333,56498.105,50.0,0.0,0.0,0.0,0.0,0.0,50.0,,,,,,inf,inf,
E1810N3190,5,0.0,0.0,0.0,0.0,0.0,0.0,0.0,0.0,0.0,0.0,0.0,0.0,0.0,0.0,0.0,0.0,0.0,,5.0,,,,"1,4",125989.8333,61117.27,0.0,0.0,0.0,0.0,0.0,0.0,0.0,,,,,,inf,inf,
E1810N3195,10,5.0,0.0,0.0,0.0,0.0,0.0,0.0,0.0,0.0,0.0,0.0,0.0,0.0,0.0,0.0,0.0,0.0,,5.0,,,,2,125989.8333,65736.435,50.0,0.0,0.0,0.0,0.0,0.0,0.0,,,,,,inf,inf,
E1810N3200,3,1.0,2.0,1.0,0.0,2.0,0.0,0.0,1.0,0.0,0.0,0.0,1.0,1.0,0.0,0.0,0.0,0.0,,,,,,,125989.8333,70355.6,33.33333333333333,66.66666666666666,33.33333333333333,0.0,66.66666666666666,0.0,0.0,0.0,0.0,0.0,100.0,1.0,3.0,3.0,
E1810N3205,3,1.0,2.0,1.0,0.0,2.0,0.0,0.0,1.0,0.0,0.0,0.0,1.0,1.0,0.0,0.0,0.0,0.0,,5.0,,,,,125989.8333,74974.765,33.33333333333333,66.66666666666666,33.33333333333333,0.0,66.66666666666666,0.0,0.0,0.0,0.0,0.0,100.0,1.0,3.0,3.0,
E1810N3210,80,40.0,40.0,5.0,10.0,15.0,25.0,25.0,35.0,10.0,10.0,0.0,10.0,35.0,100.0,0.0,0.0,0.0,301.0,5.0,40-60 midden,,,"0,5",125989.8333,79593.93,50.0,50.0,6.25,12.5,18.75,31.25,31.25,28.57142857142857,28.57142857142857,0.0,28.57142857142857,1.0,2.2857142857142856,2.2857142857142856,50.0
E1810N3215,815,395.0,425.0,120.0,75.0,120.0,215.0,280.0,370.0,125.0,145.0,15.0,90.0,365.0,80.0,20.0,40.0,15.0,348.0,4.0,60-80 above middle,29.0,31.0,"0,4",125989.8333,84213.095,48.466257668711656,52.14723926380368,14.723926380368098,9.202453987730062,14.723926380368098,26.380368098159508,34.355828220858896,33.78378378378378,39.189189189189186,4.054054054054054,24.324324324324326,1.0136986301369864,2.232876712328767,2.2027027027027026,70.0
E1810N3220,265,140.0,125.0,30.0,30.0,40.0,95.0,75.0,110.0,15.0,50.0,0.0,35.0,105.0,100.0,0.0,0.0,0.0,381.0,4.0,60-80 above middle,14.0,40.0,"0,7",125989.8333,88832.26,52.83018867924528,47.16981132075472,11.320754716981133,11.320754716981133,15.09433962264151,35.84905660377358,28.30188679245283,13.636363636363635,45.45454545454545,0.0,31.818181818181817,1.0476190476190477,2.5238095238095237,2.409090909090909,70.0
E1815N3130,290,155.0,135.0,35.0,65.0,60.0,90.0,40.0,125.0,45.0,35.0,0.0,40.0,115.0,80.0,20.0,10.0,20.0,293.0,5.0,40-80 middle to above middle,29.0,24.0,"2,9",133184.7499,5687.29,53.44827586206896,46.55172413793103,12.068965517241379,22.413793103448278,20.689655172413794,31.03448275862069,13.793103448275861,36.0,28.000000000000004,0.0,32.0,1.0869565217391304,2.5217391304347827,2.32,60.0
E1815N3135,10,0.0,5.0,0.0,0.0,0.0,0.0,0.0,0.0,0.0,0.0,0.0,0.0,0.0,0.0,0.0,0.0,0.0,,5.0,,,,"1,9",133184.7499,10306.455,0.0,50.0,0.0,0.0,0.0,0.0,0.0,,,,,,inf,inf,
E1815N3150,645,320.0,325.0,70.0,60.0,115.0,205.0,195.0,340.0,155.0,100.0,20.0,65.0,325.0,60.0,40.0,70.0,15.0,224.0,5.0,40-60 midden,52.0,16.0,"0,2",133184.7499,24163.95,49.6124031007752,50.3875968992248,10.852713178294573,9.30232558139535,17.829457364341085,31.782945736434108,30.23255813953488,45.588235294117645,29.411764705882355,5.88235294117647,19.11764705882353,1.0461538461538462,1.9846153846153847,1.8970588235294117,50.0
E1815N3155,620,305.0,315.0,95.0,50.0,90.0,185.0,200.0,275.0,70.0,120.0,15.0,70.0,285.0,90.0,10.0,5.0,10.0,346.0,5.0,60-80 above middle,25.0,33.0,"0,4",133184.7499,28783.115,49.193548387096776,50.806451612903224,15.32258064516129,8.064516129032258,14.516129032258066,29.838709677419356,32.25806451612903,25.454545454545453,43.63636363636363,5.454545454545454,25.454545454545453,0.9649122807017544,2.175438596491228,2.2545454545454544,70.0
E1815N3165,10,0.0,0.0,0.0,0.0,0.0,0.0,0.0,0.0,0.0,0.0,0.0,0.0,0.0,0.0,0.0,0.0,0.0,,5.0,,,,"1,6",133184.7499,38021.445,0.0,0.0,0.0,0.0,0.0,0.0,0.0,,,,,,inf,inf,
E1815N3170,125,60.0,65.0,15.0,10.0,20.0,45.0,35.0,50.0,5.0,25.0,0.0,15.0,50.0,90.0,10.0,0.0,0.0,485.0,5.0,80-100 high,,,2,133184.7499,42640.61,48.0,52.0,12.0,8.0,16.0,36.0,28.000000000000004,10.0,50.0,0.0,30.0,1.0,2.5,2.5,90.0
E1815N3175,65,40.0,25.0,5.0,0.0,10.0,20.0,25.0,30.0,10.0,15.0,0.0,5.0,35.0,70.0,30.0,0.0,0.0,406.0,5.0,40-80 middle to above middle,,,"2,6",133184.7499,47259.775,61.53846153846154,38.46153846153847,7.6923076923076925,0.0,15.384615384615385,30.76923076923077,38.46153846153847,33.33333333333333,50.0,0.0,16.666666666666664,0.8571428571428571,1.8571428571428572,2.1666666666666665,60.0
E1815N3185,5,0.0,0.0,0.0,0.0,0.0,0.0,0.0,0.0,0.0,0.0,0.0,0.0,0.0,0.0,0.0,0.0,0.0,,5.0,,,,,133184.7499,56498.105,0.0,0.0,0.0,0.0,0.0,0.0,0.0,,,,,,inf,inf,
E1815N3190,10,0.0,5.0,0.0,0.0,0.0,0.0,0.0,0.0,0.0,0.0,0.0,0.0,0.0,0.0,0.0,0.0,0.0,,5.0,,,,"1,1",133184.7499,61117.27,0.0,50.0,0.0,0.0,0.0,0.0,0.0,,,,,,inf,inf,
E1815N3200,3,1.0,2.0,1.0,0.0,2.0,0.0,0.0,1.0,0.0,0.0,0.0,1.0,1.0,0.0,0.0,0.0,0.0,,5.0,,,,,133184.7499,70355.6,33.33333333333333,66.66666666666666,33.33333333333333,0.0,66.66666666666666,0.0,0.0,0.0,0.0,0.0,100.0,1.0,3.0,3.0,
E1815N3205,3,1.0,2.0,1.0,0.0,2.0,0.0,0.0,1.0,0.0,0.0,0.0,1.0,1.0,0.0,0.0,0.0,0.0,,,,,,,133184.7499,74974.765,33.33333333333333,66.66666666666666,33.33333333333333,0.0,66.66666666666666,0.0,0.0,0.0,0.0,0.0,100.0,1.0,3.0,3.0,
E1815N3210,45,25.0,20.0,5.0,0.0,5.0,10.0,20.0,20.0,0.0,10.0,0.0,0.0,20.0,90.0,0.0,0.0,0.0,461.0,5.0,80-100 high,,,"1,1",133184.7499,79593.93,55.55555555555556,44.44444444444444,11.11111111111111,0.0,11.11111111111111,22.22222222222222,44.44444444444444,0.0,50.0,0.0,0.0,1.0,2.25,2.25,90.0
E1815N3215,90,50.0,40.0,10.0,15.0,10.0,30.0,25.0,35.0,0.0,20.0,0.0,10.0,35.0,90.0,0.0,0.0,0.0,700.0,5.0,80-100 high,,,"0,9",133184.7499,84213.095,55.55555555555556,44.44444444444444,11.11111111111111,16.666666666666664,11.11111111111111,33.33333333333333,27.77777777777778,0.0,57.14285714285714,0.0,28.57142857142857,1.0,2.5714285714285716,2.5714285714285716,90.0
E1815N3220,3,1.0,2.0,1.0,0.0,2.0,0.0,0.0,1.0,0.0,0.0,0.0,1.0,1.0,0.0,0.0,0.0,0.0,,5.0,,,,,133184.7499,88832.26,33.33333333333333,66.66666666666666,33.33333333333333,0.0,66.66666666666666,0.0,0.0,0.0,0.0,0.0,100.0,1.0,3.0,3.0,
E1820N3150,475,240.0,235.0,55.0,75.0,85.0,155.0,105.0,210.0,65.0,70.0,10.0,60.0,215.0,80.0,20.0,25.0,10.0,253.0,5.0,40-60 midden,30.0,22.0,"0,5",140379.6666,24163.95,50.526315789473685,49.473684210526315,11.578947368421053,15.789473684210526,17.894736842105264,32.631578947368425,22.105263157894736,30.952380952380953,33.33333333333333,4.761904761904762,28.57142857142857,0.9767441860465116,2.2093023255813953,2.261904761904762,50.0
E1820N3205,3,1.0,2.0,1.0,0.0,2.0,0.0,0.0,1.0,0.0,0.0,0.0,1.0,1.0,0.0,0.0,0.0,0.0,,5.0,,,,,140379.6666,74974.765,33.33333333333333,66.66666666666666,33.33333333333333,0.0,66.66666666666666,0.0,0.0,0.0,0.0,0.0,100.0,1.0,3.0,3.0,
E1820N3215,55,25.0,30.0,10.0,10.0,0.0,20.0,15.0,20.0,0.0,5.0,0.0,5.0,20.0,90.0,0.0,0.0,0.0,505.0,5.0,80-100 high,,,"1,4",140379.6666,84213.095,45.45454545454545,54.54545454545454,18.181818181818183,18.181818181818183,0.0,36.36363636363637,27.27272727272727,0.0,25.0,0.0,25.0,1.0,2.75,2.75,90.0
