node_id,Actual,Predicted
6,28.487132911885304,35.00862437977092
59,239.87293667611524,134.65873219263375
61,15.689548129326242,15.958583459593624
69,18.215138981256427,18.517387781405933
99,51.51131488433148,50.900587214073724
266,98.71477161331602,118.93005823168644
267,18.645232150985557,13.0949154960351
275,80.77798653408313,95.22138921939111
278,50.31340413424176,54.95359889213321
280,77.76086514992232,91.23338735891244
281,51.02826534951211,55.89849553150896
284,138.2883756400846,171.23806523237138
286,44.34539264324477,47.06513903287765
287,126.28692896806048,155.37466911323236
289,27.06945827468572,24.229976097434747
290,17.66599456806207,11.80056873125099
291,36.70653918418668,36.968176422564596
294,66.00517951016494,75.6948357949372
296,135.35575667119647,167.36175784699455
297,72.88288392977545,84.78571896762674
298,168.3298010775286,210.94653077999843
299,200.37823166569825,253.30783632176792
301,73.34688777200459,85.39903475790071
302,170.02172261727802,213.1828963050074
309,66.00477229071343,75.69429753620534
346,26.08616736484025,21.100601632123773
354,86.51863979597013,96.11805098624501
358,70.3051147339181,75.99149904713012
361,88.77669301299449,98.92107039009412
364,82.87639726829018,91.59677735033611
370,107.66355011590538,122.3661453502624
371,178.19599760766533,209.92113184473737
372,26.078191199935038,21.090700472651964
373,168.25089324151466,197.57584241512868
375,214.9588880245284,255.55650235023924
376,141.2127772677931,164.01225624875022
378,18.111688674820638,11.201535332365555
381,90.00425409251321,100.44489520492084
382,77.91704016171686,85.44051225634468
383,97.01424416571643,109.14669994886391
384,72.16752325629035,78.30338752998117
385,128.7839683154637,148.58383658288315
386,106.8686807397226,121.37943951526799
388,41.38986339175492,40.09774332508154
389,111.62362883409772,127.28196283595074
390,114.89504714954096,131.34291629229972
391,23.67770428685392,18.110871943668396
395,26.377466147066208,21.462203445907857
396,137.13799492638952,158.95405218017325
400,116.80726596549346,133.7166364531485
401,169.12692380142468,198.66329714793983
404,129.08249565843053,148.95441152266167
405,67.06357567277914,71.96763600519483
406,9.35068648213062,0.32612329241537097
410,170.36721467127555,200.2029240036745
414,97.2234489241289,109.40639488996919
415,178.70654337873015,210.55489445584797
417,78.05880358212534,85.61648933924297
419,119.2152868438502,136.70581722002277
429,81.71147256681061,90.15070578849162
434,143.1502843204957,166.41736779478228
435,41.74788141310752,40.54216662441434
436,117.9447764313953,135.12867753524756
439,138.6313249512486,160.80778751487296
443,154.57727836305935,180.60219115832692
447,41.118038508403366,39.76031530667216
450,76.14870552117924,83.24540176357368
451,62.0361921166013,65.72692672858675
454,65.57320801150709,70.11757798091142
455,112.48265470891675,128.3483089155614
456,85.28734053090247,94.58958579954844
457,32.77751385282418,29.40686027221606
463,58.23967642648578,61.01414712437748
464,86.46352983869335,96.04964060582193
466,60.49108032458468,63.80891244022291
467,61.46141722958678,65.01343372983891
469,66.82608834593883,71.67283268511238
470,57.49912169837059,60.09486441798734
473,58.41164465189002,61.22761874188384
474,67.62648846536577,72.66640407159784
475,58.83840825114096,61.75737890897735
476,56.66803706040638,59.063203007666615
477,30.74910813708403,26.888912272925477
478,72.33473150877316,78.51095038663104
479,88.13252324771788,98.12143451887997
483,39.23217357797997,37.41930936705954
648,89.79346220411577,76.78288652207652
648,67.32330044721017,76.78288652207652
649,131.54931329308246,121.44872982029138
649,98.63005306914684,121.44872982029138
652,168.57033937673395,161.0497751029831
652,126.38683625485449,161.0497751029831
655,50.90163618441242,63.14714609417543
656,72.74516957685108,57.49826973412958
657,109.2860100894672,97.63388264894297
657,81.93797979640443,97.63388264894297
664,67.10231529241972,52.91061870266187
665,68.38379866761086,84.6552919784027
666,12.505851836224847,8.523592339009614
667,120.14670077627564,148.33872078843217
669,79.95192888216123,98.8874576216067
670,76.82987044741684,95.04641745634677
671,73.43959428566947,90.87539145514357
673,93.13485696625466,115.10629443235361
674,26.02942711555544,32.547092946854335
675,118.22641173578738,145.9762066050525
678,116.6357793043922,93.18141709872484
684,65.60561642629676,51.69379973997664
685,108.44239698468886,133.93902202892804
687,82.34212737807462,101.82809714442163
689,278.9838692350469,279.1580951117519
689,209.1701821869985,279.1580951117519
690,116.46171704214426,143.80511873486043
691,88.46898033215523,70.28175713149088
692,74.33276621566878,58.78898875512602
693,139.3163431911936,171.92295792184044
694,312.2608768313761,314.7541988425626
694,234.119860319457,314.7541988425626
698,84.52847333991133,104.5179387441533
699,120.56661911229088,148.855342507236
701,95.97782829571337,76.38646449566896
702,13.892648114741654,17.615323861364736
704,74.1663224225155,58.653669641632725
705,74.64564500692401,60.579408168870366
705,55.966114486747074,60.579408168870366
706,107.52364078952732,85.77323153349906
709,81.53725894767678,100.83787481722135
710,133.51703788606872,106.90591173229592
712,267.1268371608752,266.4747388204752
712,200.28028627311667,266.4747388204752
713,89.3515981184632,110.451785398114
714,63.11967119530969,49.67272164221759
716,160.70325580617532,198.2350824646898
718,88.37552658532934,109.25093344697463
721,95.34073416985296,75.86850578606531
722,111.65976991522206,89.13591220773333
724,70.16249982136564,55.39855441800261
725,120.091623388968,95.99102476889584
727,92.86619661612664,73.8567021511426
728,152.26764175242445,143.610931960399
728,114.163770306395,143.610931960399
730,242.24601418164104,239.85995523114613
730,181.6257085378564,239.85995523114613
733,110.4076757692426,88.1179573375986
734,59.06788770674171,73.19401124820627
735,70.38861250063954,87.12179624713596
738,38.13298374046248,29.358498255046925
741,135.98230835840187,167.8211251173635
742,85.87867392030799,106.17907826759888
744,108.09719358311747,96.36221675307098
744,81.04665598653004,96.36221675307098
745,34.08504686826957,42.45784883850987
746,182.9972262310601,176.4820810124818
746,137.20349945471924,176.4820810124818
748,129.94779174575837,160.3969140810991
752,71.66434635149325,56.61955844110054
753,39.81051742926544,30.722336265004383
762,49.99527715780083,62.03206080729613
764,82.27457590958545,65.24569481158744
765,146.24170507702533,180.4431678149065
767,51.503886970902165,63.88808977246246
770,37.2727128058801,46.3796053192771
773,78.36808168783487,96.93886478896172
774,203.4901622003172,198.40318291441505
774,152.56822703552632,198.40318291441505
775,165.25507436273116,203.83514353533977
776,45.87592860281436,35.65352683346891
777,45.36138496709341,35.23520190034719
785,39.05150414707391,30.105257054479534
788,129.05999922743084,103.28233101074409
790,37.87212495878625,29.14641958023051
791,285.8256545137618,286.4766888218405
791,214.2998603908211,286.4766888218405
794,106.89818764536297,85.2647369636717
796,52.96934854152693,41.420490440566184
800,41.53590388708848,32.12507866520265
801,112.40843268984833,89.74457643635102
803,146.2957402910674,179.73150876755523
808,29.015766049073918,35.44302056024788
810,214.70266873897788,172.9099806571839
816,97.06988639706638,77.27430976378398
819,69.08158812165516,84.7356379316264
820,104.2562166185078,83.11680960359435
822,64.85145100637183,79.53133861949962
825,46.731028269021536,57.23794693564117
826,124.69313400811228,153.15401826202614
830,127.45860669972907,156.55635422288375
833,86.30910772948897,105.93049899671382
834,32.7293753192458,24.965354555476708
836,77.26429581985765,94.80274896952415
837,50.95271882636253,39.78096673030706
838,220.58510941993163,216.68948803787382
838,165.3852878720841,216.68948803787382
841,63.56862057051363,77.95308397361802
845,27.125932494715887,20.40974511423174
856,95.16281282765208,116.82313204770124
858,65.29787468110192,80.08056961603656
860,85.23048115184957,104.60347450481993
865,73.25763077115745,89.8733853133117
866,98.76724804189506,121.2576359880856
867,58.49498288089086,71.71103355811616
869,34.15692211647965,41.76813822332957
871,47.750250439820284,58.49188672478603
874,65.03514010399515,51.230001428605114
875,83.56699882820222,102.55690729511542
883,85.64878529832819,67.98893332216926
884,29.406741317016216,35.92403388500732
886,86.52598353832819,106.1973193365749
888,36.380249084963104,27.933521719257953
892,55.6637133099236,68.22774829358083
893,30.762218495115132,37.59166515873051
897,129.09421051903868,118.8225293495404
897,96.7893219331761,118.8225293495404
900,26.3428754945024,32.15458756258252
909,65.52566179574029,80.36081403642208
919,20.418264838237285,17.58680743574613
919,22.005403084396868,17.58680743574613
924,116.6201440140645,138.4653334002748
924,125.68517928046666,138.4653334002748
928,58.1954324700417,65.0541581524756
928,62.71903902313284,65.0541581524756
931,38.20237475090374,39.93270140633342
931,41.17189495948356,39.93270140633342
932,104.8719798974749,123.70365958091818
932,113.02381510798,123.70365958091818
935,32.69535006002838,33.01307537837799
935,35.23680208658202,33.01307537837799
937,73.67019479340532,84.49833611786444
937,79.39667472130178,84.49833611786444
938,90.28980374711088,105.38102416555907
938,97.30814746537432,105.38102416555907
942,76.55806810753712,90.0853389387051
942,82.50902617905815,90.0853389387051
944,117.08023362206576,139.04344012857632
944,126.18103225128569,139.04344012857632
948,100.00700197965486,117.59077109480808
948,107.78067613772645,117.59077109480808
962,151.51214273103352,182.30744344008815
962,163.2893783772126,182.30744344008815
964,116.73318078153268,138.60736511471129
964,125.80700254268804,138.60736511471129
973,73.17963445759432,83.88194264616189
973,78.86798249342341,83.88194264616189
978,24.71433758189067,19.14815629263763
979,60.26374815167036,67.65301539899198
979,64.94812756912835,67.65301539899198
980,94.99766296755656,111.29649159604332
980,102.38195469783282,111.29649159604332
982,80.46645608879449,93.03789952862624
982,86.72121823451222,93.03789952862624
987,66.84424582782665,75.92146988264048
987,72.04013587673815,75.92146988264048
996,138.66717432061895,166.16762516612258
996,149.44595388855663,166.16762516612258
1002,226.4828830449005,278.46721661502966
1002,244.0876917114963,278.46721661502966
1012,4.101902229994416,-0.9564848110276305
1012,4.420748418091633,-0.9564848110276305
1021,155.16670396864575,186.89943248681217
1021,167.22801340655488,186.89943248681217
1024,35.567605400332745,37.76532841245664
1026,7.3995616224824605,-10.552775228158403
1034,129.9523473434967,155.21736672984926
1034,140.05371209124107,155.21736672984926
1039,113.33989980861595,171.17217097575806
1042,68.80763467366124,94.78367133013927
1043,104.52752237491664,156.05584378172964
1045,60.33139090999506,80.24393162063232
1050,51.24795919785996,56.32459553359581
1050,55.23152962977189,56.32459553359581
1055,25.170683138812148,23.558263750964212
1055,27.127233032158607,23.558263750964212
1072,222.9994965938572,274.0903102263577
1072,240.3335371072135,274.0903102263577
1085,67.66021277460659,78.90510372807607
1085,72.91952899411075,78.90510372807607
1087,59.2101304160182,68.28749928483884
1087,63.8126107583915,68.28749928483884
1088,71.26763076043504,99.00342996207206
1091,70.95045552469888,98.45936286130352
1093,23.01467354173606,22.807582353286147
1093,24.8036340087666,22.807582353286147
1094,45.48157227469521,49.07907852930394
1094,49.01691396139221,49.07907852930394
1097,67.39169943811656,92.35484432323
1098,191.46457290547448,234.46639513745768
1098,206.3473628413661,234.46639513745768
1100,85.52551654877657,101.35301851551219
1100,92.17352603501438,101.35301851551219
1107,63.91761182366049,74.20249199013944
1107,68.8860108101667,74.20249199013944
1110,126.16370609918842,193.16950974382277
1115,35.53305842898854,37.882098452982206
1135,235.8167286178032,290.19527748139706
1135,254.1470692240553,290.19527748139706
1152,10.808899318205016,7.470917320998462
1152,11.649089101358616,7.470917320998462
1162,26.97975703387136,27.789745404172084
1162,29.07692859079818,27.789745404172084
1163,32.01090006730264,31.66432763811065
1166,93.55001350012256,137.22555454648082
1167,38.22420427741319,42.49836023678566
1173,45.61170407085524,51.200954342860825
1173,49.157161071089575,51.200954342860825
1178,125.89971477010964,126.04744204178036
1188,13.271416980005114,13.375544479563493
1190,45.03433077089724,32.05633180677346
1191,6.7496850454554975,5.854872092293419
1193,126.8797954551151,110.76417950885849
1197,76.80959849991443,62.50577788780835
1199,51.41208964950784,51.53098186334524
1200,124.93900231413716,125.08635768243221
1202,177.54660765179514,234.92367555650208
1204,178.22804669953572,235.8376055320409
1206,102.46258642537695,134.222757535521
1207,97.4300653438834,127.47325897925519
1211,33.62996049936708,41.90606341971441
1212,29.93111579130086,36.9452601537825
1216,81.89231518690512,106.63439500751802
1218,205.1446507021678,186.37304299988838
1221,54.79415981746479,54.91436127144416
1228,94.47531000303294,94.6108725087124
1229,346.6340916931521,346.86726790367777
1230,261.38369201060027,240.40103844469272
1231,123.24953513738592,162.1017227795647
1235,90.01478500685232,117.52805991925565
1239,39.33026315055296,49.55117486414354
1241,188.979013790112,189.15115981902446
1243,101.37164782538044,101.50987998658493
1246,77.46431424390268,77.59329158801037
1249,191.99835951229252,254.3060242319279
1250,220.00255723640177,200.51728437728138
1252,512.4804189118281,482.5878341668971
1254,88.00151795947762,88.13457438219801
1258,161.4192698532472,299.88793297216966
1261,271.781472822956,271.98567268216686
1269,48.78406663147332,85.22591915698445
1270,106.290930590954,106.43106706583222
1277,129.31915780083636,129.4682087801349
1278,51.94401978900223,66.46844770645319
1286,117.0360863977564,101.45269634615377
1289,131.3937047621831,242.6647195892619
1290,165.92234860625751,166.08556912206697
1293,94.3202509494636,94.45575342991377
1295,310.3922936267399,287.812288914325
1296,91.4665374742312,166.5708706787049
1298,231.19745314769327,211.48312205340116
1300,94.60427013023816,94.73988255793785
1303,117.35482549300886,215.90919370189332
1307,128.0295937991442,236.2533418550575
1310,202.93619838754236,203.11374741090384
1313,124.83839843698884,108.97268090501066
1315,295.5789348320172,295.7923469757143
1316,533.0777388859821,502.43983795508586
1324,92.1905419410684,92.32521998548202
1327,131.60768775313554,173.31147989722572
1329,53.13535364812165,68.06623657448725
1331,190.79353322786764,190.9663816791333
1339,293.5380436074033,271.56791170161955
1345,96.605985832202,96.74237314818599
1347,106.40572590226203,139.5112031824276
1349,148.84693629908836,132.1124673036948
1350,124.01382406393436,124.16082128457323
1351,12.465527506064928,0.6660341077747702
1354,96.80403523494311,96.94049921823893
1359,255.7707897812843,255.96879171203778
1363,69.39136911250823,55.53200815852566
1366,47.9029688505186,83.54670858499813
1369,123.27705187601278,227.19586967247736
1379,72.15999275659367,72.28691673389571
1380,94.1542468465254,171.69315119051467
1383,213.61748560408049,283.30108614649123
1393,218.12809828581035,218.31152827680185
1396,97.20469192854117,97.34131101087408
1397,239.9972799088793,219.96452615925958
1404,102.6964432475284,102.83518825301472
1406,45.58259132133702,45.69922686608126
1408,52.50784265491824,52.62715904795628
1410,107.1272253930932,196.41726603500317
1411,84.09987699752378,69.70828714134154
1415,64.90957952452082,115.95818555693667
1418,171.3655629232133,153.8162550589898
1421,34.93597068240254,58.83399124364461
1424,98.93491536662737,99.07220423931562
1427,49.12950652658285,62.693688913857564
1432,32.59478718236359,32.70639499152263
1434,36.6049919736432,62.01483933758119
1437,122.83870513316243,226.36046127547456
1439,254.87739489886704,234.30620262593567
1440,154.52989894583277,204.0542088090764
1441,27.86807925478747,34.1783642184776
1442,191.70315610360507,253.9101043841069
1443,38.06724749137928,47.8572480568655
1444,92.92461791752248,121.43065917547457
1448,103.4513460049725,103.59038324241864
1450,235.53775466769815,312.7000339108466
1452,264.2205181446367,264.42179106712405
1454,128.1589385934795,128.30754043793328
1456,171.1215640815524,318.3787241111945
1457,41.15506361786031,28.3174363429888
1463,155.87578103929513,138.88697255895468
1467,90.97695593929508,91.1111641899344
1470,64.29187265283534,84.0232374738446
1472,88.76315081967589,88.89650207966
1479,62.1899633204807,80.21006546690403
1480,107.80865058229948,107.94937458488656
1482,44.29238798380767,56.20625963293378
1485,112.84825345024848,112.99092834387173
1495,105.62645456373724,138.46606284637338
1496,113.59219573666064,149.1495269939845
1498,60.0036815510336,77.27787593256947
1501,120.1668832620085,157.9673428047162
1506,51.16662134605928,65.42581925377128
1512,121.4778742615738,159.72561300677907
1514,69.7002290843812,69.82620085750665
1526,133.7946153543706,176.244535605919
1527,150.76857525185153,133.96457154918187
1530,48.26991635037642,48.387592191042344
1532,99.84865700800285,99.98629960109814
1547,182.8360425724084,164.87167419768852
1550,87.71995275416462,115.4444258323984
1555,178.45159627167484,178.61966701032944
1556,132.00569782389508,115.88063081104163
1557,72.82177986822859,58.83828914086016
1558,177.5767734880769,159.8027123173922
1562,228.81969507894644,209.19140341003447
1578,185.13770788068223,185.3083668937598
1583,121.58065381697732,121.72670912807516
1584,57.43368616361249,73.8310587456933
1587,12.95416289721066,13.058167583888235
1589,52.74090973084126,67.53721769764596
1592,121.90504574049407,160.2985253172417
1598,105.70999402195628,105.8499056092839
1599,52.4220869066161,92.15931774130607
1600,111.76689985081278,146.70148321100015
1602,25.69327179500024,31.261563757577452
1604,84.42471991687323,70.02137558554612
1617,84.27486857214556,109.82981940286582
1620,121.30310347790562,159.49121455460298
1621,11.884984523642382,12.742214609640286
1622,103.23592586722972,103.37487971294304
1623,108.91607105542396,142.87801888227702
1627,5.312499149487748,3.9273522721397676
1632,14.223097819380492,15.878037005298637
1634,256.19416201173823,235.57532238256826
1640,16.65552137779274,18.057246342909025
1642,19.93597384909742,21.33896871692005
1647,64.37087193414938,60.50030196346798
1651,111.75306225013384,106.65539739787418
1652,54.50236572194038,50.88736843333781
1654,184.14875212036372,159.71502123625388
1656,219.04876156932508,217.5001696729719
1658,26.651873515668267,23.758142935249595
1659,86.28691815891239,74.11053380530618
1662,221.3087444290023,219.78086690319012
1664,53.709246190119096,50.64519855834679
1665,11.415342899041011,7.624983286193009
1667,50.86180566786705,47.77165919299111
1669,227.64644662383324,226.17665870302878
1671,60.604484662474185,49.12438689193813
1671,36.16348210204933,49.12438689193813
1672,47.82657183391509,41.50948220274045
1672,28.53873577427025,41.50948220274045
1678,9.858298752929558,-7.142239856261455
1680,6.153425515523603,2.9524293454620505
1684,116.8970085153904,111.66612672885404
1685,43.23727056700026,35.988648192503135
1685,25.8002401802346,35.988648192503135
1686,142.66549760667186,144.60436471927108
1694,56.8878465254187,48.363001482059644
1694,33.94571591696,48.363001482059644
1695,213.9751282070453,212.38003280691294
1703,51.538516550993286,44.31702148925125
1703,30.75370133478053,44.31702148925125
1710,23.19492722627552,20.390723978158615
1711,184.3913534628757,177.41251606963962
1715,76.33010422658622,61.0185011894484
1715,45.5471632737916,61.0185011894484
1718,155.09244600662802,135.20946730357548
1720,207.74154599110028,206.0893153205536
1722,9.131735996931075,5.659103379663728
1724,88.66705794507008,72.39929279440265
1724,52.90878358088501,72.39929279440265
1725,135.4207810035698,137.26437449870332
1727,231.27073432905303,229.8341656152668
1728,190.85655381027604,183.71028189782996
1729,6.188172559224061,-13.597902319613826
1733,96.91385745119663,83.5471979429097
1734,293.9524971346996,293.09045192022404
1737,154.2439897793963,156.33512300460245
1739,153.43855869525018,151.2886020373063
1740,275.210162643927,278.8920944484521
1746,16.663101822859424,2.967973861357713
1749,68.98640973451072,58.747776672648556
1752,344.50369026286603,349.096885461792
1756,85.06112414114362,79.73207656061403
1759,131.97035330921315,129.62362508757622
1760,131.67157768353013,129.3221109681066
1761,250.2547608815182,248.99219444331803
1763,92.54743658131213,87.0245099163425
1764,170.92448820381804,149.2682344347402
1771,140.84609134456488,142.7610318599309
1772,148.4326538956888,146.23681451502102
1774,52.10734488883351,47.63172796609959
1775,157.28423977472048,155.16953155351666
1777,86.40967320680382,74.21953961838992
1778,18.748589714039152,6.266128274880579
1779,211.03792418388437,164.95482383697137
1779,125.92906674451328,164.95482383697137
1780,195.20183715051192,187.94303192311665
1782,154.81609979292216,152.67876929123898
1789,92.48976438327529,73.24090324673963
1789,55.18984209708788,73.24090324673963
1790,181.60700393857616,142.6946688172305
1790,108.36725488412694,142.6946688172305
1792,169.0277738629601,162.4468195089852
1793,363.4518690534482,363.2268356358244
1797,31.892362169847274,27.05272277816554
1798,215.4255604803712,206.72035971855362
1801,271.1334353046414,260.9855226798941
1803,34.40547718173343,29.30869771118229
1803,20.530194509590405,29.30869771118229
1806,287.2697678108012,286.34647056919266
1808,51.28572186920938,47.75402860647019
1810,156.66151910237878,136.60279565567214
1813,271.0376584449249,274.6647185973609
1814,39.16791681745413,38.558856557852565
1816,187.7150912414165,185.87930369010294
1820,104.46685649468826,98.6352429777697
1821,79.26991170776795,67.8794703438893
1822,274.0688222965277,277.73574459417864
1823,266.761159483856,270.3319803727803
1825,15.950129124336494,12.410904844088076
1826,225.582934854604,197.80463698115193
1827,65.78471657661747,55.90469060885231
1829,199.62827898914557,191.3321931950291
1831,7.352267093498872,3.863324362163983
1832,16.603199250158195,2.873239226181205
1833,63.2613873962638,53.663988057657676
1835,160.7910622224539,162.968294505723
1836,159.54456536519402,152.28655990241273
1837,29.40758897016425,23.1231072048514
1838,105.50349660912713,102.91418058449179
1840,98.33644742744004,84.81045008372858
1841,39.90724509812843,35.74758402099981
1843,86.49141867680372,74.29212914995139
1845,404.8119290458234,404.96599036540704
1846,116.75396571101255,93.6429003908969
1846,69.66860576157748,93.6429003908969
1852,237.09050089240395,240.2711297101316
1853,60.342435076608766,48.92618498878312
1853,36.007113715104495,48.92618498878312
1854,58.85449998448957,54.204146532526416
1855,343.5133405015267,343.1055561100627
1859,162.99002515686465,142.22247451958864
1860,152.02324342249096,149.8603143807669
1864,232.30854274842005,181.0429129169527
1864,138.62152074428138,181.0429129169527
1866,80.65713879153286,75.44214477933801
1869,106.77217039598744,84.04343912560114
1869,63.71233902271114,84.04343912560114
1870,178.88718036578908,156.33906165008017
1871,67.80619777424901,56.621125568332154
1871,40.46083772964407,56.621125568332154
1872,25.400965633352023,21.616985400930297
1873,235.84042625816733,237.5970435555503
1879,32.118745075095646,28.160789078498347
1880,48.81097212878974,53.80914190807607
1881,72.52690728857017,61.891719192572765
1884,311.30767582753015,310.6047033249164
1889,58.50339961061898,49.584929366727536
1889,34.909737398322854,49.584929366727536
1890,42.59459406296652,38.36533653751468
1894,42.03416298105697,37.81941939232909
1895,288.41106287145607,253.59567202732572
1897,159.84492505633114,162.0097149052894
1900,39.48065300093269,39.05344213093141
1901,463.4535416859207,464.1450956188452
1902,218.357234988921,219.95360624698515
1904,98.2248812404342,92.55492120205588
1906,74.03695854995753,61.333778098465125
1906,44.17881350403435,61.333778098465125
1907,119.03141310061324,103.18746674164458
1908,67.70249322523182,56.5426883561032
1908,40.398955880088366,56.5426883561032
1909,275.29443461306744,278.9774746590589
1911,248.26968692110643,217.95034909415008
1917,127.21727745160126,99.50715037417194
1917,75.91219959735244,99.50715037417194
1920,293.16497389830226,297.0830253349445
1921,239.20657795425865,209.9023577571955
1922,45.88300721354563,49.17862813300461
1924,285.022815895292,288.8337916670847
1927,176.70077699896535,138.98383098655896
1927,105.43964563033404,138.98383098655896
1928,306.5928738434178,269.7410210160391
1929,50.53744251834872,43.55985647479821
1929,30.15634747451771,43.55985647479821
1930,155.03804698144768,147.89675046786346
1931,95.88009487651972,97.20369781704872
1934,171.9459248471582,135.387485880359
1934,102.60236367591392,135.387485880359
1936,31.6155182248674,25.562628814001027
1939,267.1614312171605,266.0538265887143
1940,149.92080075648926,150.88990280712108
1941,234.95140447229517,238.1039025203576
1945,60.33685446904819,50.971667838720705
1945,36.00378369418675,50.971667838720705
1946,85.78452288367592,80.43674086118867
1949,97.5823539605265,91.92903397046993
1950,162.43277389171234,160.3652556936479
1951,261.69135934030066,260.5336175635754
1953,265.7961843564356,264.67606625726455
1955,59.45722899254183,54.791266180272025
1957,229.573999574843,232.65578059624656
1958,85.58715326531939,80.24448268337234
1959,28.018548729581585,20.926369827753994
1967,16.789410708400485,3.167728657382323
1972,195.33157254961,170.94159222992647
1976,126.09020854059116,98.65468879743904
1976,75.23966295888273,98.65468879743904
1980,35.07684864243304,32.08891989960807
1983,52.99540405118774,43.369238478189715
1983,31.623045003510786,43.369238478189715
1986,346.6964435099336,346.31783455000175
1991,40.63428608192982,40.87788812928451
1992,154.51960295432585,147.3917330047696
1994,232.87128732365585,234.6006903243401
1996,127.73137991840092,121.29726623369325
1997,47.212917952191546,44.08932679348467
1999,5.711324003166303,2.437262335154216
2004,68.63501581822251,55.19830054899799
2004,40.9554042071254,55.19830054899799
2013,163.3434622944522,155.9870737272502
2015,90.02015422753558,84.56267863648088
2016,16.16547210158688,2.180983120027271
2018,85.45518415068005,80.11593127956532
2025,123.54171691211788,98.77683411477102
2025,73.71894494755408,98.77683411477102
2026,215.50622517795983,206.7989353772676
2028,37.4814658808234,35.8917705376638
2032,175.30579842263995,177.67391069474942
2033,210.80375944093817,202.21825319643472
2038,205.5477835485458,197.09839556012648
2041,91.9140741393655,93.18552084476853
2042,70.41759901997683,58.596265865140005
2042,42.01909472559246,58.596265865140005
2043,84.0663477058504,78.76306265474214
2044,66.61651624568809,61.76514358458062
2047,166.8319176694621,145.63405411903912
2049,140.1094908956371,109.25821039607446
2049,83.60515058498578,109.25821039607446
2050,168.72784541931324,169.86932757905078
2052,202.3695322480889,200.66806320268105
2053,90.88773168455346,85.40778773883261
2055,211.0612288893998,209.43942550344062
2057,229.8539608125952,220.77509610491606
2059,69.74219932890546,64.80987832650618
2060,53.2367265636139,60.80837771477573
2064,116.16598311717784,100.64298054295793
2067,322.80452118663663,327.1123555568165
2070,105.36609899477764,91.0527423393649
2073,171.83251143744982,164.25627510290383
2074,246.35323097874672,216.2485466687148
2075,260.1057682122667,228.46072473270743
2076,126.63295345625149,120.22728660949086
2079,293.1270704926488,257.78346107622775
2084,208.30694559505355,209.81119871263797
2087,31.528301176117463,32.00562833912089
2089,187.92333785019557,190.45738050863153
2090,231.70212096155117,203.23844087317906
2091,74.62353064533738,63.75350929946009
2096,40.42528266253373,40.54735369988887
2097,112.69986238836432,110.17650623889438
2099,66.62666744558793,53.67928090109497
2099,39.75699668278221,53.67928090109497
2105,54.59225084195056,45.965842074507776
2106,233.6204235014131,224.4440156650545
2108,126.59145331455088,109.90074122299069
2109,228.3780724747188,200.28670394454886
2114,117.92031907709745,115.44481217293527
2119,138.04396314145157,131.34277615336842
2121,180.32326672943796,178.41972778290463
2125,10.538914051393578,-6.717297874397541
2130,22.74261211209486,17.68353657419525
2137,115.67150683508264,109.54971743159402
2141,67.34383729310412,57.28918130243768
2142,93.36551585406026,90.66494649407139
2144,158.60548407278932,123.24770416438822
2144,94.64194962629064,123.24770416438822
2147,32.86671645141471,28.889389635500557
2155,33.79784528732699,29.796404275318938
2157,73.32454036874384,68.29944458483408
2158,60.893046355879584,72.91668341197112
2159,161.70576924869758,141.08206227681757
2160,154.01545324939465,134.25310360852524
2161,154.52359247356344,152.38358093163555
2163,36.50403240237825,32.43250707524404
2166,154.0512837791523,119.80312262625333
2166,91.92439923830644,119.80312262625333
2168,79.79180350917215,74.59921978423402
2169,83.46958626290781,78.18175602524897
2170,149.6606025000123,142.65857001274543
2172,49.958323657152654,45.538361674306756
2173,22.279288266822203,18.927162434931788
2179,123.88407829781592,107.49660697278225
2185,48.07014428161416,52.63753854170955
2186,83.16745887510315,66.18995261306458
2186,49.62710148024761,66.18995261306458
2190,115.59236700556048,113.09552274407936
2191,209.8951125756253,212.71810103759168
2196,64.23404773338294,64.41776898124361
2200,36.14274343980144,30.62268367875747
2200,21.56684381995139,30.62268367875747
2201,71.76648643336027,90.11279590602766
2205,44.10390348840577,38.69383207126587
2205,26.317371285578364,38.69383207126587
2206,158.7699620183741,138.4750814666961
2213,18.265843029968167,18.028232575574016
2214,47.24095517802257,39.016845725868265
2214,28.189290719634805,39.016845725868265
2217,24.74937696504741,15.756244731672332
2219,106.7198227564085,100.82986235114035
2221,15.54809377389476,15.045865478061824
2221,9.27774923002328,15.045865478061824
2222,35.85886261144834,31.804045767879778
2227,39.72719340479156,51.043879052740294
2230,65.66216473474782,79.22448746528482
2232,147.15117162407464,132.4860126197637
2233,155.7325556620531,139.9029565655944
2236,62.53160781782638,59.34879388046117
2239,47.408384230675786,46.27769705858014
2242,65.97586681868262,79.56535214074928
2243,15.128715481568896,24.315487296306124
2245,18.246396747964187,27.703119918129417
2246,94.46505506897306,110.52134001744972
2250,70.60855014243558,83.22510282855282
2253,34.65373865629755,45.53112795897168
2254,62.0112913942765,75.25749514967026
2255,22.459377086469768,32.280890514391544
2257,10.880193076837942,14.706152767872915
2258,90.00080744934945,105.67054560458158
2262,98.27638106723946,114.66267814052821
2268,112.41458731972928,130.02507237602927
2269,11.774550931466228,15.761915480230044
2272,10.880193076837942,14.706152767872915
2277,211.68063861205212,237.97441368535797
2278,94.7952171180856,110.8800898807271
2287,147.07236062715387,167.68376594470723
2289,68.85718599830895,81.07258883063817
2298,136.08435539403536,99.17602837519124
2310,31.298179187396546,38.0619952212393
2314,25.415658690577608,30.832083752007453
2319,13.555524198763289,16.255386155225604
2322,39.60581818951475,50.91199429492861
2324,64.81212385970268,78.3008439135129
2326,41.38261874311751,52.84264306994525
2329,65.7051035899094,80.34982362629813
2332,12.078308001364746,14.439813675047724
2339,26.617853639786965,32.30964138333938
2343,107.81252922592978,80.2431539468715
2357,237.40487031670327,167.02762645157074
2360,53.72885021610493,65.63041012446355
2362,95.3635210601672,116.8014998666849
2375,98.3050634179502,73.87626221502119
2379,55.07297322943823,67.28240443462566
2380,76.60708994542779,93.74890931274749
2384,370.8049065260086,325.0641901035423
2385,111.58577961814449,129.21261905950172
2386,136.19226335525485,155.86159129068582
2388,203.82972024232896,229.35558757489966
2389,90.74219455601782,111.1216587996657
2394,263.8580832732317,294.66975825531836
2396,131.8854089163229,151.26993683686996
2398,81.92845329881774,100.28913062798625
2402,173.72901105009538,196.7366601773405
2410,282.2368777046772,248.5142883332349
2416,180.2085105806651,128.72477716972773
2417,225.1427423314212,158.8160122463577
2422,47.97185062581696,60.09053676725886
2434,169.20337400875417,150.81872346826864
2435,42.33775401638764,51.630184012885195
2439,250.36383032854692,220.9662139520708
2440,254.5527046010366,312.45295649691093
2446,219.8162058057805,194.5637108405778
2451,69.33098717425196,83.29910158283946
2452,66.66845064024028,80.40602341072633
2453,178.4671542379933,201.8850660144617
2454,61.92381271886608,75.25056047920893
2455,20.169050195119308,29.88036912367133
2456,96.87277621894,113.22565758997007
2458,164.9032915507522,202.26935068157113
2459,255.66292448406264,285.76500344460294
2464,102.48157993041032,119.32011202544518
2465,90.56564022160838,106.37240421697837
2473,8.881422115809176,10.510681266192977
2476,46.77058976414079,58.78526206641078
2477,42.32895054570163,53.95903365334682
2479,11.410194546900447,13.618668873292817
2480,47.8946892565094,58.45993494160033
2482,294.6677645172367,328.14716416437227
2483,84.43870859855251,99.71495861416246
2484,88.21594333757166,103.81925361061035
2485,131.5483651001147,96.13839882369945
2486,62.348449817969644,76.22432850611779
2487,315.29677693064144,219.18972161073597
2488,64.93251708154463,51.52757397028208
2493,35.93426369407371,32.108230955045464
2495,144.24844220285885,176.88350931028413
2509,162.20999022930135,144.77429808719663
2511,73.95637528543487,88.32498919454959
2513,134.53929516180827,120.8583431142599
2518,209.7704741441696,185.88112207642578
2520,68.58161781742783,83.88520326776143
2524,230.4306744133587,203.7378625075778
2528,38.11409543795203,46.43909668648076
2529,131.1093352371259,117.89380727887175
2531,112.86693860586368,102.12678966809055
2536,194.3730988147776,138.21041735337616
2541,42.563783384490414,51.90798539440408
2547,122.65555106873246,110.5871486991334
2552,45.32283444299995,55.298996934933584
2558,25.91371874053741,31.44422442699836
2559,123.05088421711751,141.6704551990517
2560,152.1086565737327,173.24425929949425
2562,74.94512800197937,89.39935526063412
2565,76.34457745205106,70.56028428290253
2567,330.1353330772917,289.91322316918775
2569,26.724688504019312,32.440946766915175
2571,116.61771850399865,134.6802595474756
2574,211.3383030516016,149.57155403965592
2576,287.58246914873604,253.13451648319622
2577,32.35878919718639,39.36553789113877
2588,190.27112544828591,135.46343715498662
2592,267.54352387649544,298.67431091693254
2597,115.2581419731918,85.22927866154728
2598,88.37059950826219,103.9873010292624
2602,46.36563744201973,56.58065389929767
2605,117.77001997953624,135.93233560501938
2614,84.10681927803743,99.35433191985273
2615,214.79711135672548,151.88782405784153
2618,82.36922275499661,97.46628174343883
2626,33.737049644280404,44.62318393360286
2628,9.465651177248583,18.250192534371145
2634,44.34608076167149,37.74139647141002
2636,250.7699210000152,221.31720066165914
2638,123.48835017148936,90.74082564867057
2642,54.724168115342174,46.397227662486536
2653,77.92526160299347,62.26743462327023
2658,23.201093487651317,24.834549220284913
2694,167.90330614809,123.81497287259154
2700,286.7949617920124,205.41868353980155
2761,72.35789646382031,57.45979340136496
2783,79.36003261930195,63.24885875236437
2798,240.8794770947495,174.01118780094345
2812,85.14452969918393,67.20561906069366
2847,210.9251024641406,153.24310356495752
2869,105.03457623941868,80.81097586084424
2942,57.25078436294569,48.63088544101019
2947,55.5872681089141,47.49299307192163
2965,48.82287529659549,42.80973536565362
3129,2.7139258091992424,3.943251672497862
3155,11.351885577997017,11.224422166045631
3192,35.33008416298785,31.436295883739902
3223,18.28639862902044,26.983224958519536
3224,56.13506803179929,58.86122178412816
3224,47.27056466027846,58.86122178412816
3225,16.193656267342007,15.305681956942967
3229,108.88631737527524,109.51380003034178
3232,108.6976571530021,106.54410078810011
3232,91.53279422340928,106.54410078810011
3233,56.03295034467848,65.96872394651183
3235,134.94817567129982,72.30032141022673
3236,191.43798177643123,105.87308822320657
3237,47.20701953114461,50.762019223602394
3237,39.75237845800601,50.762019223602394
3245,126.6660144265978,138.92016250512816
3248,103.29238519199748,101.64063364142226
3248,86.98108943890065,101.64063364142226
3249,83.51319861880023,83.0038611135571
3251,163.28288975999214,163.0262830694434
3253,97.0953517413129,108.37890806483927
3257,102.89996019307328,101.28463988132248
3257,86.65063377301551,101.28463988132248
3262,291.6386956212457,165.42392460146235
3263,106.636998591969,104.67474590134466
3263,89.7975421400433,104.67474590134466
3264,126.8816064486265,67.50623436752099
3265,468.3843815284518,270.466623581868
3266,365.76734173070935,209.4797272601452
3267,284.3114105162488,161.06920556163308
3268,206.2869970170007,114.69808799655043
3269,522.4058593528781,302.57242466245054
3271,383.2324094012637,384.7290907501455
3274,66.19019684349432,65.62597563130691
3275,72.52296564158921,82.99998761033986
3278,105.0820090300496,103.26411563420787
3278,88.48810692939868,103.26411563420787
3280,66.45310181312183,68.15917979659456
3280,55.95923824932,68.15917979659456
3282,296.37407132124207,276.7973531164499
3282,249.5725077608265,276.7973531164499
3284,147.80407712761198,142.0200300203541
3284,124.46376979459092,142.0200300203541
3287,104.12278197269794,115.63699818755106
3288,108.36022080238187,106.23799074011399
3288,91.24864373798214,106.23799074011399
3295,104.027568228495,102.30756509135995
3295,87.60017690921794,102.30756509135995
3297,113.6840769125825,125.5121215368487
3298,59.73074196624741,69.7878874188849
3299,189.56956353185385,179.90816810585346
3299,159.6339084416361,179.90816810585346
3302,106.31155036200286,104.37951104265554
3302,89.52348668526994,104.37951104265554
3307,220.4106476622244,207.8238948193547
3307,185.6047589757784,207.8238948193547
3308,112.123654917039,111.70496266597185
3309,140.45941661237703,135.3572197492382
3309,118.27893272275315,135.3572197492382
3320,65.43745986712142,75.6819157429872
3321,132.85319646215177,145.31042513898765
3322,54.48814098274768,64.37320962589612
3323,183.358193843248,197.4731376198873
3325,176.67481824050355,97.09911144780104
3327,166.65744851904736,180.22422718059923
3334,119.20323424907517,116.07438021143395
3334,100.37939544480884,116.07438021143395
3335,136.81298847393683,132.04931207899398
3335,115.20832600326804,132.04931207899398
3338,453.959985224761,261.8939814201909
3341,306.4158235958494,174.2062006590866
3343,41.72815011894511,51.194400216897535
3347,528.0840747720977,486.9340954943734
3347,444.6922980201408,486.9340954943734
3350,206.3758917535153,195.1542609732854
3350,173.78628507105208,195.1542609732854
3352,291.90463390489253,165.5819758429006
3356,394.4854064774729,226.54731799091897
3368,62.482858401732905,61.90689139172016
3369,110.7087202133537,108.3062755296124
3369,93.22628262136396,108.3062755296124
3371,191.4847786509175,205.86645964256653
3374,59.23325868704945,61.671788246234534
3374,49.8795081751578,61.671788246234534
3376,226.68067863535876,126.81836888682408
3377,73.6010471861247,35.840772665349604
3378,50.9958250694847,60.766266148572186
3381,471.6416050716672,435.7315292127719
3381,397.1628746648756,435.7315292127719
3382,146.794254076331,141.1039550861719
3382,123.61341176502592,141.1039550861719
3385,75.89057082582703,86.47812700413246
3387,115.87847123549834,127.77854201148514
3390,239.6699001562021,239.65530708126764
3391,45.17585846261822,54.75527197958637
3393,110.90167023654452,122.63838850104756
3398,339.6413302041229,193.9526339098348
3400,123.40915053200564,119.88983528267038
3400,103.9211393952278,119.88983528267038
3405,361.2902587662098,362.7174217613557
3407,31.688447262325464,32.071347290491914
3415,349.8811850371461,200.03833825564286
3418,407.5822861859396,377.619232947045
3418,343.219407922022,377.619232947045
3424,136.36496465592262,136.02307508356617
3431,66.19234800481937,67.9848222779467
3431,55.739661072557816,67.9848222779467
3432,65.86988670219857,76.12853603477635
3434,294.69191260690815,275.27135959554266
3434,248.1559851651876,275.27135959554266
3437,407.6783260415031,234.38807445025745
3438,123.30029540358792,65.37780573783043
3440,373.4143646124559,214.02447141353466
3453,440.2498694920526,253.74584726627717
3455,135.4548949966566,72.60147255452652
3456,484.5880200137704,280.0966969331025
3458,425.46461162161256,244.95873948562283
3459,200.5152181313304,201.43300461491057
3462,73.14971663755337,74.296295366453
3462,61.59836500487947,74.296295366453
3463,302.0089699952732,281.90912930871286
3463,254.3175780255319,281.90912930871286
3466,499.1056555334285,288.72475260513363
3467,48.124430433372126,57.80062431925889
3470,40.03655478119199,39.389472131645704
3478,110.9788871366328,108.55136118709183
3478,93.45378645210124,108.55136118709183
3481,402.4132834813418,231.25897809960364
3482,207.6915414368723,115.53283050211085
3485,247.2267340428049,247.23608295332068
3491,40.470836151479695,44.58900849212616
3491,34.07993156916348,44.58900849212616
3492,417.2177873771746,417.76571148818743
3493,60.14486070008812,62.43657170689273
3493,50.64715562643324,62.43657170689273
3498,212.08980492747725,200.27552735942717
3498,178.59789235368652,200.27552735942717
3500,105.0672545211434,54.5416271059085
3502,123.55918426742308,124.23315432328691
3503,307.18402930104384,286.54156696272094
3503,258.6754239160122,286.54156696272094
3505,76.35500985465754,77.14183249591804
3505,64.29749810628489,77.14183249591804
3509,185.6558761399818,176.2956236094935
3509,156.33824639999034,176.2956236094935
3513,113.93427056774536,113.52131481085233
3515,143.6358412856786,143.31698771293418
3518,217.3067659568845,205.00816564252344
3518,182.9910231063036,205.00816564252344
3520,43.13538426441894,43.55455112116287
3522,254.6417216748781,254.6745631655756
3530,304.90697769780417,284.47590813772047
3530,256.7579502436768,284.47590813772047
3531,58.92029671761885,61.32569156980393
3531,49.61596722774508,61.32569156980393
3539,156.34502785628646,85.01680210767245
3540,256.29195909164633,144.4168115499577
3545,105.0672545211434,54.5416271059085
3546,56.363787865011325,55.76843407212662
3550,205.1397902131609,205.01579690497303
3554,6.747442608708051,14.058554968904518
3554,5.681928129948477,14.058554968904518
3555,159.29595036506825,152.38285271495877
3555,134.14091736001603,152.38285271495877
3557,49.76481568005605,53.02017044087678
3557,41.90626323064826,53.02017044087678
3564,68.30812662096173,69.84199118279994
3564,57.521328992235695,69.84199118279994
3566,224.4243236520116,239.88717252724533
3567,157.01124178593403,85.41274336592338
3570,157.31065625058284,85.5906900202875
3571,150.01041111870626,149.71175381605113
3577,163.4409439015407,156.14304087494676
3577,137.63135910796694,156.14304087494676
3578,54.99022559453058,57.76047324680414
3578,46.30650867256531,57.76047324680414
3582,230.4528906305362,129.06025290829731
3594,75.26379356400724,69.79959313887663
3637,131.1420142802939,117.71853534670922
3664,49.982368703467,48.11924753562463
3665,155.93523651866428,138.98021777605217
3669,15.347305232106477,18.417593052467527
3687,244.81640683324665,215.20117844861727
3730,77.2142132675994,71.47219559220079
3736,43.48468112695768,42.54708880415398
3737,186.38660447034565,165.09410118753237
3744,60.47348587935839,57.11601284423463
3746,196.5167188333112,173.78128482536408
3747,8.177281046690378,12.268865155167578
3748,25.3670701629075,27.010145401135603
3750,10.589826792117062,14.337768543051546
3759,75.13756408359397,69.69134375120268
3816,118.06156678001554,146.35258390419656
3821,95.10335016187318,117.19446767457899
3824,185.87211614821052,232.47547023107177
3829,172.27919608532304,215.21176244026836
3833,90.12232987705433,110.8683156557824
3846,84.28269444771308,103.45167823052307
3847,249.5757895774477,313.3824128302392
3860,229.42151275642783,287.7854443964284
3873,166.04636178299089,207.29574221752458
3882,101.30945444072356,125.07653939232935
3888,135.63810449651976,168.67569105909178
3901,30.415633695685,35.03773979271268
3902,179.19925977207618,224.00059933691372
3904,64.6805967824188,78.55600573228119
3907,146.7624841618968,182.80422554678935
3911,126.68330524345632,157.30263531279385
3913,91.69798383118945,112.86947723973667
3915,144.7623847827538,180.2639964367569
3921,132.8260858322297,165.10428268635118
3927,95.92500770559508,118.23801502667831
3928,38.79974758924637,45.68599577256215
3932,105.24428848459652,130.07398106229073
3936,54.26926693185332,65.333081193457
4263,105.65348452227737,126.64399120899961
4263,113.8660671023264,126.64399120899961
4277,148.69199022783383,150.71011037186318
4286,103.24326262888778,88.15896735359601
4287,167.45175434010585,150.04406805040858
4288,95.13963804726076,80.34857327832863
4289,79.08603357169844,65.15265945703126
4289,47.19166206132421,65.15265945703126
4354,75.84220405468356,70.12607981056323
4369,17.83789875858194,7.528675061747023
4372,34.6905537926561,37.47843084565323
4372,37.387095596819215,37.47843084565323
4373,82.48507942380763,97.53268193682277
4373,88.89675178324686,97.53268193682277
4374,28.48169841284665,29.676948248139865
4374,30.69561782395926,29.676948248139865
4382,191.94934772078503,216.53464515788906
4383,138.13856350924237,158.06453470567996
4385,54.774611730091785,41.44415967673861
4386,156.894886104735,139.86920120059648
4387,61.84534171511254,48.25903455483098
4388,99.877901068256,84.91538175439568
4389,37.15800394728551,33.44028242864017
4389,22.172662933764453,33.44028242864017
4390,111.8693400594294,89.9484007520357
4390,66.75388627654215,89.9484007520357
4391,210.95717509097,164.89374904518792
4391,125.88088271337055,164.89374904518792
4393,22.66898731175848,27.456287456070378
4394,5.829752163501055,6.760026491520495
4395,7.359354352838205,8.639983971996942
4396,57.51149860289329,70.2794739008671
4398,53.08267876873656,64.83623314523413
4406,226.63173399065155,159.81314953566462
4407,109.18864974250748,81.16470449630125
4408,202.56147747362985,143.69395223357006
4409,94.61351297383824,71.40413110510983
4410,203.71178726456137,144.46428347060706
4412,42.85415180508161,52.26486268458442
4413,18.46629346889969,22.290966836688593
4414,146.8250065962547,167.50311275609042
4415,131.5125765421221,150.77670340334436
4416,128.3119937786822,96.73339064087642
4417,66.76711908709942,54.63494820105011
4418,46.44715198336601,40.73551352379209
4419,170.68119504683764,164.05742070800565
4421,43.64589274395804,44.28257559288928
4422,25.083975905603577,25.476555215201053
4423,171.52469164630622,173.84307944465908
4424,185.40627653171245,187.9072178902174
4431,129.97918217427494,149.19865521948392
4436,23.26962216408868,33.161292461248394
4440,38.248373412558514,32.21528252436296
4440,22.823300536932408,32.21528252436296
4441,50.51591539244583,41.49387061835925
4441,30.14350195926197,41.49387061835925
4442,68.25739277879465,54.91268435600687
4442,40.73007164133054,54.91268435600687
4443,71.64497288400501,57.47488960325172
4443,42.75148463058888,57.47488960325172
4446,185.34473707727332,136.2507875410216
4452,118.67995530224536,103.03708168172905
4453,93.91299394857664,79.16631542515194
4454,266.9010355498781,245.89476657751825
4455,269.17411124844625,248.0855907932628
4456,222.9419024702116,203.5262993440097
4457,6.926273014255894,8.107705378387326
4458,16.524917342564386,19.90491862326126
4478,67.76779616048351,87.69092328966309
4479,30.57194144165367,37.80472039882349
4480,120.26709704086537,114.94893734774641
4484,235.60649687181692,165.82330457986697
4485,95.25873905552812,71.83622149466846
4486,45.84009137752276,57.68607587045568
4487,42.11275517890282,53.63599999032986
4488,22.902540984066665,32.762426742130884
4495,111.53237528100632,113.06181779503696
4496,88.89534470093146,90.12709278325426
4497,221.01238574814576,223.98157493672815
4502,6.958802124230112,7.1130214029319445
4503,345.09563294658454,245.2979986103653
4525,112.3265874990155,206.32629543511072
4546,66.21249192904781,79.82246596173411
4547,83.0028138358962,98.06661517469023
4548,136.3235594192657,156.00425591594896
4549,136.5516277404658,156.252072039178
4550,86.32023134837954,101.75939718930466
4562,121.30486487950937,117.98090347707753
4562,102.1491495413334,117.98090347707753
4563,242.75277693974027,228.09186610544091
4563,204.41875713576715,228.09186610544091
4564,117.7906642776988,114.73075894222359
4564,99.1898898022524,114.73075894222359
4569,78.18261452369342,78.86195822584507
4569,65.83649872942742,78.86195822584507
4571,38.08734497172675,42.42679153456481
4571,32.07282660109092,42.42679153456481
4572,81.08307601658106,81.49315194619501
4572,68.27893725050528,81.49315194619501
4573,122.48919632069855,119.05528610843164
4573,103.1464586732689,119.05528610843164
4574,201.0966525583089,190.36512619155698
4574,169.34071073607996,190.36512619155698
4586,83.59248371904916,71.71789071678845
4587,32.12946369106237,26.019009585183873
4588,16.497805528357556,12.138182383848939
4600,51.15034789544293,65.40399368569877
4601,36.40259299930528,32.42185837600967
4614,32.78651777922093,28.084193449330648
4614,19.564140434503823,28.084193449330648
4615,35.53146271112103,30.160339869335623
4615,21.202084680193373,30.160339869335626
4616,94.1053045089924,74.46282132946789
4616,56.15385584535903,74.46282132946789
4628,23.178153351342903,28.08207794695357
4629,7.973795906609537,9.395163327374668
4630,20.987800482016105,12.93186454593559
4631,10.280166096843196,-5.435495006928704
4664,29.60593762554553,38.67430284605302
4666,19.891466839618563,23.480319817221663
4667,6.573551442575852,-12.336997344314785
4670,127.69563101907072,157.62610117332068
4671,118.154039849445,145.88716812992885
4683,18.083799169015226,16.89893465695725
4701,72.74048542979266,73.75978463844226
4702,267.63916218653486,271.2215294889646
4703,36.95396228981838,37.5026410859863
4704,144.88896966345456,146.85707715049338
4712,270.3452619230093,273.96321652653603
4713,13.192822338999273,13.429023797233285
4714,114.099884271769,115.66309151157529
4715,38.14963350378823,38.714036299678334
4743,91.33097914035864,107.20401170548442
4756,56.225044627670506,64.53671215817948
4756,60.59549037453392,64.53671215817948
4757,36.39917115022747,37.6669598726852
4757,39.228526000833945,37.6669598726852
4781,18.74099741927952,13.592777298184016
4818,28.96712684405395,25.090790852235013
4821,5.823948575619676,-13.522478216439328
4823,30.501237056583257,38.704034140369224
4824,14.75899503604708,17.59091050523439
4826,56.74947768341939,52.153639695473935
4827,57.23509030033233,52.62667600992662
4832,15.326823823607311,13.147730074665303
4832,16.51819774667653,13.147730074665303
4848,145.90131158931823,138.99663649739577
4849,164.82920707170393,121.71220178612666
4852,22.60346353224743,20.332529238007265
4852,24.360460111139897,20.332529238007265
4853,25.462483454099257,23.92491347018044
4853,27.441715364958107,23.92491347018044
4854,27.40485872774705,26.365525461962513
4854,29.535073991482577,26.365525461962513
4857,49.48551604336884,46.000444166005565
4858,201.9078271281033,183.25334422671503
4863,52.39202535911994,44.801975773904715
4868,132.8354901411788,134.64508506519422
4870,25.01859064193719,25.410310084829078
4871,42.93263310007944,43.048242814043824
4882,84.977150845057,95.86295396296305
4883,193.53376192299655,207.98269626947192
4884,10.19461711726705,18.62584857315143
4898,37.06099755011333,33.31571195397373
4900,50.66760918100616,41.97475242962324
4910,23.43804110065809,23.80897509663314
4912,56.42148129836093,72.47351345854408
4921,17.77122697985675,17.87709641012341
4922,18.918654901992227,19.024968515442886
4923,19.78276394619981,19.88941206668065
4924,81.28880354736759,81.41926139739917
4925,18.341986156007444,18.448076534033234
4926,77.50156944463599,77.63056121068111
4927,78.64912515409344,78.77856115279054
4934,154.29968486781453,156.39155052643932
4935,39.09318594545018,47.64244781690262
4936,7.908318949190051,9.314688876724894
4937,31.38590820339902,38.169818563176435
4938,17.55735837022094,21.17384020733329
4939,13.00661885798222,15.580754078553417
4940,47.44418473563998,57.90624238682963
4946,45.02456837688418,40.73237984247962
4956,90.04124734888875,84.58322549222083
4958,8.938358406122287,5.623213543207762
4976,72.89961718825194,87.17672935093447
4977,68.91128291542435,82.8430562987856
4987,28.69725759207413,29.137354345907482
5024,53.91170928303825,61.62998550256281
5024,58.10233646888551,61.62998550256281
5026,76.50776527306587,87.11557949726293
5041,17.519094176406274,18.586340646504816
5041,10.453870736151558,18.586340646504816
5042,159.28133313228233,123.75888440302379
5042,95.04523752656374,123.75888440302379
5043,176.0619397761771,138.50064474932552
5043,105.05844317310512,138.50064474932552
5044,16.327830904271877,17.68532549352934
5044,9.743028489730548,17.68532549352934
5045,126.93839201649804,99.29621463154477
5045,75.74578504078875,99.29621463154477
5046,113.39542737119918,91.10266096036436
5046,67.66452237043379,91.10266096036436
5047,56.21684772173772,47.855489747343164
5047,33.54532222724286,47.855489747343164
5048,215.15694408196725,168.0702555223037
5048,128.3869393457226,168.0702555223037
5049,141.91964410188754,110.62732460129675
5049,84.68529248274764,110.62732460129675
5050,185.3085810284611,143.44466276391373
5050,110.57603394701194,143.44466276391373
5051,45.97042356182679,40.10557950680295
5051,27.43114802411852,40.10557950680295
5065,13.068232220847555,15.219919335978556
5065,7.797983674905674,15.219919335978556
5069,270.0542902360404,194.19452803328218
5072,125.67452434316968,92.20484713864258
5077,136.8848878166669,120.58326680161433
5081,15.12664615775538,15.388278892441981
5099,33.43429727645705,33.93668975992823
5101,21.03294420445992,18.879468470755587
5102,118.21032753883338,90.32894449805784
5110,117.15207899304778,114.66953061523134
5111,115.51796625876533,113.02044006085663
5112,6.977779710834319,5.019708187213466
5113,6.977779710834319,5.019708187213466
5114,175.5545067817233,173.60725871582414
5130,29.69763032465234,40.23400252243923
5131,86.84848324612685,102.33338895062987
5132,20.0296855455331,29.72893727643408
5151,206.28339384038628,150.57342351885958
5152,28.525167802641235,28.98174777727084
5153,60.316226748362446,50.727735104963145
5159,73.74006245602178,59.910020026210546
5160,84.62413452146532,67.3550344754911
5161,34.0804481721742,30.38294382520698
5162,38.898476850294735,34.44419083111666
5163,60.38288356307269,50.267949761661114
5164,3.012568026232268,3.6896047965231755
5201,32.562636628772715,39.61607656489203
5202,5.601911870807849,6.479999393240678
5210,68.40044467274174,69.98792768059027
5210,57.59906874724064,69.98792768059027
5218,41.19055555522311,47.58669613991273
5219,10.599758859050334,-4.887280997858696
5240,42.11515030516961,38.8209547467859
5241,48.95061166794636,45.47939264155593
5242,19.3240617399052,16.620105424104555
5243,7.700258350424518,5.297333066507016
5244,30.288709529212348,27.300792866900917
5245,29.596754437523533,26.62675789552799
5246,91.29785256552265,85.8072873878471
5247,97.6347886631776,91.98011072924356
5253,34.06774300121455,29.053251563010488
5253,20.32866414330701,29.053251563010488
5255,63.21021604791852,53.14494253214855
5255,37.7183558188225,53.14494253214855
5256,32.3954293759977,29.83809644987032
5256,19.33077291147232,29.83809644987032
5257,40.38340743687619,35.87982496013636
5257,24.09730303288114,35.87982496013636
5261,16.717219159369147,14.080774352984246
5263,15.752084960716378,13.140635014790758
5264,22.255328515696142,19.475458814863575
5275,19.656403930921336,18.224525849424353
5276,67.867414202543,55.89296181125189
5281,75.14445668278393,97.58432636519542
5282,71.61222758785652,92.84698402910786
5285,33.24346001651029,20.692114948665044
5288,58.50732061829452,49.58789503134027
5288,34.91207711446245,49.58789503134027
5293,61.52176764135958,76.21299746726599
5294,86.93160567294824,107.47449064943018
5301,147.51551715211272,160.45400415319918
5308,57.03020692925661,44.721975864797685
5309,80.46156091626206,69.47884130669837
5314,37.038949797043415,14.111351828736357
5323,52.00678523060457,49.855306725143755
5325,55.03847904794465,46.964227458213
5325,32.84217435490863,46.964227458213
5331,49.28456547859179,44.88205235589397
5335,118.1868780765412,92.67698372278923
5335,70.52364315646992,92.67698372278923
5346,36.06179419803276,45.16758140889515
5364,13.977785756367687,6.925530000596087
5381,7.226174398191222,7.746748350544282
5398,36.18159324645715,44.06395498214499
5399,49.92220779255746,60.9518564785981
5400,51.35039949997486,62.70717541225973
5401,38.79829990576826,47.28001814724563
5420,118.9316379022718,120.55838643324238
5422,114.44688683561772,91.89793513051751
5422,68.29194187138822,91.89793513051751
5431,122.62491017382878,123.29592021004802
5436,36.228813820010856,36.767956353864705
5437,109.35722514273436,126.79110024621437
5438,31.040235566725865,41.692860220724086
5439,109.59446513258742,127.04888218739283
5440,40.964758963931786,41.56618283337123
5441,54.63354986398177,67.32905402661785
5443,76.73987208390352,71.6263266939579
5449,133.61343883276336,134.31926334250676
5450,62.19757002075579,62.677130764791194
5452,24.65252053825819,30.85309727773027
5454,80.24594957327501,99.24918861018057
5455,24.711953212197397,30.926216757234187
5467,56.98811484911965,44.68775492533629
5468,25.435971083457783,19.035803342797145
5471,15.909917130751428,11.291103756538996
5474,29.722315411415785,22.520609255938673
5476,53.9480615179483,42.21618591123928
5477,65.83221456056914,51.87802444471366
5488,19.96820017359303,22.62315836478292
5493,42.72004846768425,38.186068852590864
5495,93.53084002762884,72.94209353421866
5496,39.84844684593031,36.221811776931354
5499,88.7108624416977,69.64509195643616
5500,82.81297722262003,65.61077094016473
5502,36.095946330214986,33.65499483631832
5504,50.41853970362926,43.452055529695336
5507,115.55983238082814,88.01055002610212
5513,52.8269714414903,50.23387018134328
5515,76.04288668160325,70.29953106133792
5526,30.715096782204213,29.617599433391437
5574,43.50711264865424,53.27159279907828
5576,47.28181954106843,57.9155804402107
5577,11.61630351333656,15.218034200248216
5578,13.981031442947272,17.24593092895052
5591,30.418589787530365,39.513628522138745
5596,52.16295461747495,48.6085429491878
5603,28.935093548204197,21.88059641656398
5604,62.059628649714135,48.81090508049659
5623,86.6449643395059,43.592974683945585
5626,3.7306759623255608,4.800297944118075
5646,52.233829997306245,44.84292366876956
5646,31.16860388714267,44.84292366876956
5647,45.71950158112878,39.91579399749361
5647,27.281419623513838,39.91579399749361
5648,44.59978881157608,39.068896257970835
5648,26.61327249006864,39.068896257970835
5649,65.60245828114493,54.95432132535433
5649,39.14583778928826,54.95432132535433
5650,44.40880973614051,38.92444872492436
5650,26.49931279855663,38.92444872492436
5675,95.47656777514248,82.13539769588304
5676,6.753172947233881,7.348042602856457
5685,122.80555110964382,107.0133923716528
5686,24.023214125598496,18.539768293373598
5687,36.354475491310616,33.84709790873822
5694,177.64668988241988,127.00919539940452
5695,108.77848527229366,80.89002848622178
5696,92.0928570961016,113.82433144635934
5704,70.05695031147904,85.93561718412751
5705,29.170075116689684,34.39955587285979
5705,24.56371694726638,34.39955587285979
5706,32.53133272650777,37.4487671577256
5706,27.394185507396244,37.4487671577256
5734,25.548420270560253,24.032893852568844
5734,27.53433216178173,24.032893852568844
5777,36.18740559015214,44.0710986428201
5787,92.55759539060767,93.83750489737078
5794,114.33483975147892,103.0345685083286
5794,85.72337650457169,103.0345685083286
5817,62.20585263289175,29.068432027248605
5818,209.45672319871315,116.58190536638845
5819,39.63335084808507,15.653244561451174
5820,223.31176986482492,124.81617421904913
5832,187.65235372681215,137.32388237806387
5833,158.82204110579664,117.60312963495991
5834,187.4270966091049,137.1698001112385
5838,30.038371319546822,36.51362843565467
5839,32.86539616949967,39.988183160543485
5840,19.253397453499225,23.258356942479413
5841,61.32606545828239,74.96776706921953
5842,41.22489973664496,50.2624305260854
5843,39.66805310194539,48.348988261645154
5844,13.832897001967952,16.59629118262446
5845,38.56078878260493,46.98810511534759
5846,16.787274622934753,20.227368823207343
5847,28.298477382106693,34.37521189459071
5848,28.41001549899009,34.51229781055955
5849,32.686413578354376,39.76820461746591
5850,16.85358567593338,20.308868418979408
5851,33.09586639623881,40.271442579107145
5852,16.097125056387895,19.379140539198676
5882,99.4748404246396,77.28639979198631
5895,73.40280446156908,74.43081367690777
5896,16.45718995403327,16.736320367043636
5897,144.7682872005512,146.73480762001574
5908,31.03919661494523,31.510091675298586
5909,41.854798231947335,53.35570726831509
5910,39.7786678136809,51.09981048762498
5911,41.13251414381926,41.73614412340933
5912,14.211504342990162,23.318857394577414
5929,15.46238103129431,11.21873107713759
5933,51.25819887995601,43.005222114487495
5934,197.54886503012932,172.9105358606374
5935,83.55537180012873,71.68493553517668
5936,206.64945917278445,180.99181382928364
5991,62.917957041824735,52.00201202859702
5992,33.75958806271379,30.112482139335434
5993,22.389302638861743,20.528160268513574
6018,100.45065884906352,75.31310922411437
6037,179.47277390379548,202.8896409517487
6051,34.82110471075734,42.391846627684785
6053,38.55966408815036,46.98672280969462
6054,11.665442235752051,13.932381030202615
6055,43.05793376016227,52.51532088444227
6056,47.7229992091852,58.24891929907543
6057,47.18296618122993,57.58519173795783
6058,38.73268211369134,47.19937060376844
6063,59.35509099758881,61.78231011015617
6063,49.982101479396775,61.78231011015617
6066,65.23385901244158,67.115315744606
6066,54.93253074424517,67.115315744606
6067,64.49236865776575,66.44266252383157
6067,54.30813196849555,66.44266252383157
6070,53.45121571362406,68.61804119561077
6071,46.88739577112874,57.35878106519251
6072,36.14841778447235,38.93765621016907
6073,137.61068535155138,119.68575917853633
6079,23.98983268865628,18.081405793346065
6106,101.3586080105237,92.90721321462658
6107,21.557637526763536,16.631285604672293
6118,38.37352535611554,46.95578693104263
6119,109.90691964369806,107.57891106398367
6119,92.55109744743515,107.57891106398367
6120,63.96780127844043,65.96679397747585
6120,53.86640103108895,65.96679397747585
6121,70.7152438871485,72.08782977263778
6121,59.54832916103744,72.08782977263778
6149,115.83015989341612,92.52644701878995
6150,198.5019345463237,179.79466397679013
6186,143.4755826252013,144.38560960983526
6187,95.36807141938594,95.8371584169491
6188,134.44973907426234,135.2770377023694
6189,140.44605005611427,141.32830919289313
6190,13.817862898408157,20.410395528601953
6190,11.63583129953729,20.410395528601953
6193,68.49973804186857,84.79793113861284
6194,81.04160487774915,100.22807611214927
6195,62.24901025754673,77.10771745955603
6196,81.56028714540165,100.8662061999432
6199,111.24816630820824,88.80127770946481
6206,86.70309565330501,68.55016359349555
6207,234.0540251860876,169.3423848219376
6216,20.70053624012929,21.03546993337602
6224,17.066569832053887,20.638360791839844
6225,23.91949510011268,25.325956329039975
6237,6.2216707476484165,6.366196179559289
6246,108.99594718314162,56.87651001160767
6247,101.5675189772468,100.0137085198869
6247,85.52860344763913,100.0137085198869
6248,291.21823333985486,272.0579745494167
6248,245.23084788185352,272.0579745494167
6259,12.778818774078086,21.762119564326525
6260,8.918330352878565,17.567362180757474
6261,13.686404779632896,22.748290919515334
6262,20.535769835735667,30.190723458380372
6263,71.31422455762372,92.44730939491394
6265,12.779160346173152,13.009921829785142
6271,84.22135380313692,99.47878367113793
6272,75.88632423157655,90.42204705574729
6275,261.4907471236351,264.99225802038126
6286,166.87368776816035,169.13091127416143
6287,60.441792065478566,73.55209723633158
6326,89.77404743859047,104.73297172765493
6326,96.75230074910203,104.73297172765493
6351,106.30812590440776,91.11292822968335
6352,124.3583186564012,108.50997286169158
6353,87.89735577953236,73.36835375489125
6368,13.701213883627554,16.434446053804546
6385,71.030836219284,57.11215097590014
6442,20.514393961824968,18.94774890949692
6448,54.55168868755631,47.63870750048341
6449,124.71409446186452,106.78050166877466
6450,29.210290321978466,26.27775572675621
6484,38.52834467993888,43.02006801338639
6488,23.05376639977529,36.47285740776153
6490,28.21386027630132,46.30704877357738
6491,109.41509324436582,86.04242087064176
6491,65.28940536782949,86.04242087064176
6513,134.54778554772992,100.99884933539063
6530,3.420587458293505,-3.770926988058058
6530,3.6864741642600487,-3.770926988058058
6531,95.29704717161432,111.67267053967315
6531,102.70461042492748,111.67267053967315
6532,87.46984439998326,108.13668087176312
6533,86.11509759801592,106.46994817316781
6575,36.43592531595632,30.844432572702644
6575,21.741789248330505,30.844432572702644
6576,117.44176659134878,92.1134166637532
6576,70.07902546837542,92.1134166637532
6577,157.6491452090843,124.5740784716207
6577,94.07128982159628,124.5740784716207
6578,144.53694765189948,114.6566328790408
6578,86.24707146022146,114.6566328790408
6594,11.774550931466228,15.761915480230044
6627,48.00613267695499,48.12370640378031
6628,32.91840068367997,33.0301337675274
6629,34.13803252451531,34.250237742554276
6630,49.58383383069296,49.70201830465834
6631,97.41511922819689,97.55181976947473
6632,72.63190005287413,72.75900671118072
6633,59.36968530907795,59.49165800414544
6634,48.26428216763211,48.38195582723797
6635,96.17926979939053,96.31549192845297
6636,80.39675422869009,80.52686675567436
6645,205.2799465070745,181.29628074095075
6652,41.23413571095528,52.769421845039346
6658,55.428997827381714,46.87935120585017
6668,136.4676198804978,163.403865239826
6668,147.07542522491138,163.403865239826
6669,67.48027384664569,82.765555508099
6687,151.64816071211433,135.30379187735159
6694,4.507896389017872,12.752473784741614
6696,234.69317805236872,207.4219710872102
6704,56.99482106195749,69.80666259428807
6705,30.6535618843116,31.119385550182514
6711,15.001511411504474,24.265387519682328
6719,71.12425589933818,55.67401335602244
6736,156.8209040224081,116.51273617855553
6739,20.65342394699953,15.14758362318645
6742,120.1175782846542,116.9038400372425
6742,101.14935191535402,116.9038400372425
6743,133.34324718224926,152.85400526625904
6744,48.20697698307126,60.25790352195604
6746,31.474099209306974,27.091542163758678
6746,18.781003250386025,27.091542163758678
6747,78.54978683913045,93.31613148753671
6749,123.40566714927331,142.0559577992026
6750,15.54913988753383,24.860433623346864
6751,59.96038823956175,73.1171285314755
6770,76.90778717836068,61.45543323070223
6770,45.891874184271295,61.45543323070223
6775,40.990471399990746,41.59223340781867
6798,236.2415549088507,238.0018488392087
6799,142.7155174506536,143.6185778905663
6808,31.0903793192,27.862533718112665
6812,78.8668960278925,97.55255154570105
6813,117.41672125035844,117.01479878926432
6817,15.335486076594584,16.934762836534055
6817,9.150883459298669,16.934762836534055
6823,42.66654127736052,53.01558354854903
6824,31.071106365377197,38.74982518383378
6833,18.80536141709461,19.115372098025983
6834,63.66911790654447,64.56912162764796
6835,14.087248931640472,14.335212790214879
6836,14.376725225102556,14.628495920460184
6837,16.00581753903249,16.27901205625048
6840,40.94593502322444,49.919568961529755
6841,23.948421887647125,29.028776446011214
6842,29.9604235065589,36.41782668070497
6843,27.531053847115164,33.43201004422842
6844,31.74180285395846,38.607230862429695
6845,27.07163205455125,32.86735771720821
6846,205.31921353904625,149.40851630777655
6847,89.32170880733948,70.06292822131469
6848,204.48727444804152,148.8394463387236
6849,27.857324027949783,28.286375006845464
6850,15.419366475575137,15.684848708470195
6851,14.056080765173428,14.303634738291752
6852,13.775484139172187,14.019348049990988
6853,228.6008620241944,231.66984553538165
6879,53.30660860163552,60.91889466052339
6880,3.7075446979047664,-17.52096212912913
6881,32.811974511686955,28.50706999197405
6882,21.950014384674777,11.329112793599094
6883,22.18812276683972,11.705676097972848
6884,29.15439018906166,22.722678757904276
6885,27.655783106309933,20.352663767638248
6898,51.37765182766907,40.12643805093413
6899,28.935093548204197,21.88059641656398
6906,80.02807176664528,145.05542108186305
6907,46.377376080143634,80.63920891364077
6908,173.28887171290637,165.07672466260058
6908,145.92416295944193,165.07672466260058
6909,215.76258422784,203.60733985031615
6909,181.69068902229264,203.60733985031615
6910,318.04790393090576,296.3968809446013
6910,267.8237425367563,296.3968809446013
6920,108.98738783059324,85.71892474024544
6920,65.03418799964201,85.71892474024544
6921,72.18613283307278,62.50325860041536
6947,68.46788078976334,82.36126121547623
6948,44.05559252325444,55.835180760626436
6954,21.64947878647676,21.99689180695058
6955,27.955151453150407,28.38548893822665
6956,16.703022634479574,16.98538593706182
6957,39.573322165026205,40.15644756613774
6959,17.120716901490933,24.881389003390478
6960,79.1947281065296,143.18305553142747
6961,99.80469056454017,182.7460248734021
6967,28.276555293850247,34.726202646032704
6968,28.5249715700417,35.059372695468355
6969,33.12889844274074,41.23405080952672
6998,79.70419359038502,68.84043585291602
7012,15.02313879845487,2.7003715931256522
7013,100.25016488117234,75.17884385706138
7014,96.8974966710925,72.9336529789118
7015,112.18387397465904,83.17052484673762
7023,30.68451713536652,28.592618210912384
7060,94.36432904466616,71.23725939287877
7061,48.40814343266825,40.461649560568716
7065,40.82394926383772,37.39446363734545
7066,12.545242418481765,18.051024912873437
7068,101.8486179022232,79.13707036059716
7069,102.42581582057475,81.62869034951316
7074,80.8433674371091,64.08211966077825
7117,33.8725899520634,33.22228974079515
7118,6.748058684589149,-2.630653308556841
7134,63.412381983503245,81.84954454063588
7135,9.228228209694038,9.179035714814347
7136,5.220270971983712,-15.128617940315277
7137,9.159358537470762,-8.89903535951451
7138,41.39860581349054,42.08664340743844
7139,11.210032692154666,-5.65593812429535
7168,318.21849226971784,226.63482980600057
7169,13.807967048173236,18.687825078626858
7181,116.27323168315836,88.77697656255128
7186,7.907269718127174,8.32086206252576
7195,235.7315640185709,238.89432176708084
7196,34.87407027674321,35.39539688691413
7197,229.98759286358924,233.0748129561031
7198,29.926004248187237,30.38225996934673
7199,223.6733876402633,226.67757105846624
7200,42.53411277656096,43.15617486044052
7202,5.475925711806581,5.610644020656032
7203,34.20045634220329,34.71292440899218
7204,45.66795104060357,46.33122551750345
7205,35.89351276029226,36.42824582630224
7206,227.00160678127452,230.04955885112454
7207,47.18154499729777,47.86472440347628
7211,122.3097905862244,89.95157629132669
7212,87.99689557129307,66.97316206625992
7213,115.0561991639406,85.09404304477033
7229,123.77960366285986,90.93587020455244
7230,140.15264569713634,101.90045194049512
7231,143.14870791873298,103.90683346971218
7252,65.34730382472226,54.76133457174264
7252,38.993583815519,54.76133457174264
7255,37.236355882077206,31.449840366134815
7255,22.21941654956172,31.449840366134815
7256,44.78058381353341,37.15593728253165
7256,26.72115521283804,37.15593728253165
7257,26.544131964253467,23.362748289750236
7257,15.839227848398744,23.362748289750236
7275,37.38280767444441,33.53583921986868
7276,17.171546894889982,19.710762756096802
7277,37.34917344649588,35.01761827904834
7279,113.4871576433036,86.5927816323663
7282,19.733267362247915,21.258863555136898
7283,109.50336087436024,81.37545799715878
7308,133.23099626056168,106.67335935859373
7309,29.89690616839988,22.6625518661834
7310,14.931341701343738,10.495520111843913
7312,26.28599161919169,23.167503151303016
7312,15.68519215614842,23.167503151303016
7313,60.5984232645254,49.119802337433825
7313,36.159865187270576,49.119802337433825
7314,81.00667318674243,63.375802343936456
7315,50.242282045720415,42.332084956633906
7316,42.041321998083646,36.72239533996189
7326,138.21802468586864,100.60488877259331
7327,154.03332723734533,111.19596751906602
7328,71.92884091093954,56.21282209448101
7329,103.53890987901588,77.3812270954381
7330,53.92909087457636,44.15887817330404
7343,234.0475492869124,237.1881609413595
7345,151.86858231065506,121.82575149153993
7365,2.7139258091992424,3.943251672497862
7374,114.43383236509366,87.24033403188344
7375,116.38330824804392,88.57383090968983
7379,263.95700904016985,189.51843400722663
7388,88.64622578844671,69.60087864964129
7392,156.10294633500547,149.85671668664403
7399,126.73618729643168,233.78834657283423
7400,18.89226096580263,28.257626676249522
7424,67.31971663734845,58.40122444396749
7455,313.2145832723002,223.2120139182833
7456,54.18273661468709,46.026873136952766
7457,204.64596705832489,148.94799659174012
7458,205.13968909006928,149.2857164853759
7459,165.76162557708474,122.35000252867934
7460,76.83381820834715,59.49755222451914
7461,20.949692004668822,22.073470113253407
7462,21.638616177242174,22.534823927910054
7463,90.87921457810508,68.90337285256894
7464,90.9842641933248,68.9737217278723
7465,89.93049762359125,68.26804286500371
7466,88.80008293026287,67.51103483469622
7467,88.22204719197401,67.12393999395155
7468,68.39852168008366,53.84866315079451
7469,56.45575152217365,45.85091421227429
7470,61.16152045155169,49.00223990658378
7536,37.90354304453602,33.79577345907916
7537,71.85751114423637,66.87040820195159
7538,41.98128919482414,37.76791492127614
7561,106.24173891812632,90.70427183474101
7566,92.99433404995511,72.57510820631111
7568,117.34424629916217,100.56825683081753
7617,130.59460383139168,111.73734245693127
7621,9.21693258170831,9.424812399646793
7637,154.6898492689936,115.05503419569635
7638,218.4382241992872,158.66073338810156
7649,23.87405708053458,24.25072502332239
7650,25.62321964074077,23.254116591871316
7651,38.97304990222279,34.813097277380706
7651,23.25572439813186,34.813097277380706
7659,21.623398887559755,19.882559230289043
7670,60.01137922495257,56.71972853556348
7692,120.34011662867124,108.45525704851244
7693,54.65165290948034,52.123440173681985
7694,345.8487824713915,301.8425300747831
7695,4.638832505338628,-5.4186080694028504
7696,7.751189868170887,-1.3047242135493278
7697,44.90788608735743,47.80863742621534
7698,44.42275445270626,47.167395124290515
7699,76.7958260140476,89.95780796409349
7700,84.26982814634015,99.83687168532154
7753,9.780352811099108,6.307756560938943
7754,77.95282932338876,61.732106796633886
7757,28.783755403906092,27.319729683446347
7758,103.2934560341268,79.62000018479293
7759,106.43085937866944,81.7660731888023
7760,222.27527959856045,161.00694712089475
7761,216.8683853828317,157.30847789726303
7764,60.43694106477989,48.517008762987714
7765,52.00188294328649,42.86827934380445
7771,126.17535514798236,122.39923602203848
7771,106.25052205650856,122.39923602203848
7772,28.657804585430025,33.93484258213833
7772,24.132341015598364,33.93484258213833
7780,7.833275843126245,4.72477936354567
7785,15.49161509392616,10.951023422371751
7786,15.666567096129894,11.09325972565212
7787,16.28457398797888,11.595700478493727
7788,16.243799807119995,11.562550993597295
7789,15.996564992292274,11.361548629175363
7790,8.029111327821177,4.88399397694397
7798,32.93553020502132,43.66414461356839
7800,8.780343758908568,7.559808508647329
7801,48.14103944797608,57.54991701182698
7802,9.625286868632148,8.632929727534414
7803,54.39023252808657,65.48671372395448
7804,7.5483790124175485,5.995149900077974
7805,5.198638389334585,3.010858422352083
7806,57.54523820298669,69.49373324572099
7808,37.5249564049457,44.06694538469546
7819,89.44537180508625,70.14751722435784
7820,17.76418538478157,21.115549645319643
7821,29.49912337913698,29.142580558388794
7822,15.672627556770314,19.68486468132633
7827,97.20540250127983,94.54002846788632
7830,29.782711236730723,29.336562708151398
7831,111.65072264265484,85.33660792892272
7838,166.77935164852718,123.04615606953611
7839,239.90572204368732,173.06667053708935
7840,167.40299532171076,123.47274605627423
7841,161.39834899580103,143.66516600294702
7859,67.37268952942577,63.03249580932816
7860,84.9325083253204,78.09109880838952
7891,47.59758251481425,52.541628762146665
7894,19.871320197969972,11.016708118932868
7905,22.64095763439236,20.740287087468005
7906,21.830542663588773,23.897053526828827
7907,26.90969719547775,27.371339497435486
7935,49.72468428380343,43.56989461207583
7938,92.7875616074151,75.51584672879187
7938,55.36754156347554,75.51584672879187
7939,68.95833792183076,57.492549841710954
7939,41.148334700176406,57.492549841710954
7940,106.95909373255589,86.23452284708833
7940,63.823878602233926,86.23452284708833
7941,119.88171177411355,96.00857946741547
7941,71.53497240758819,96.00857946741547
7953,50.883032736210126,43.821244557766065
7953,30.36256564018446,43.821244557766065
7987,29.673907876671,23.83848941336213
7988,36.59149522689015,38.00093764786534
7989,11.462764040568931,7.6670930012589125
7990,10.490308844073356,6.8035580900489805
7991,76.00684663988805,64.98188635871625
7992,76.18553425862592,65.14055998968368
7993,94.85241089983504,81.71664464738606
7994,93.40898870861685,80.43489361327791
7995,75.68769062722994,64.6984775599911
7996,75.57176011746023,64.5955318995419
7997,99.5371805436262,85.87669454271162
7998,51.79978846044735,43.48615070840851
8000,50.136783780080215,56.55732115493363
8007,7.967748997144047,13.379815330020856
8008,98.52309433176067,74.02227159864292
8011,88.52709281260451,67.32822076435403
8012,89.81769819294689,68.1925041487115
8013,90.71510457325104,68.7934728377677
8014,89.40350205509974,67.91512824027436
8015,68.5854989154741,55.87877165381023
8016,68.10152662313334,55.547720858862945
8017,89.41586945797596,70.1273367809353
8018,69.26363289283735,56.342634556376524
8020,84.90689664248833,67.04307130006805
8021,137.26718477736273,137.98458529017265
8023,304.03547686432114,305.2812420444799
8024,80.33990443799544,80.87694474465836
8027,13.009252238809225,15.583990635103344
8032,128.80529793093564,130.5618927154028
8033,36.7865792661232,37.333056846281785
8051,52.88401140149546,49.81239989855406
8052,114.69338427667648,112.18830019104077
8053,40.30394581332872,37.11702894915041
8054,121.07102334966552,118.62439491928816
8055,40.81208130652901,37.62982187010337
8057,65.32947402952612,60.51143294100521
8060,98.26753161989258,98.40456214028538
8061,17.670248673876614,16.550341731846373
8062,7.912216822678813,8.325032111085141
8065,34.45421694485396,30.19262315992302
8066,94.81801742483782,81.07490725215784
8067,18.480106510128422,16.727612362102974
8068,203.9033390135933,148.44001791517277
8069,204.7686888506024,149.03194178350788
8070,19.13211181507232,22.05125017889125
8071,98.44680372786428,76.30475234062192
8072,33.69981038479681,32.01596978863257
8073,33.953746113646,32.18966904008031
8075,179.3257667442275,131.62826036951844
8081,52.854246618506565,45.118148244484345
8096,28.723039217116487,25.867038559435635
8110,227.7165943488392,164.72896096785632
8127,157.57836571970714,116.75242034490947
8128,244.85224525352035,176.45023291608462
8138,18.568140748532816,21.66547795006766
8139,91.8728447278452,71.80797765465559
8140,122.0264279008107,92.43388504211863
8143,25.99724120834852,20.573629462569727
8144,30.43723716331449,24.51632165709021
8205,5.224735270277944,-14.107337203440018
8208,50.21530044827094,54.823926388989875
8209,65.77018790168364,75.38422615995864
8243,14.662943474830485,12.313558448659016
8243,15.802713116107633,12.313558448659016
8244,50.943485473405175,51.676137301692755
8248,72.87015024159528,67.85682216609125
8259,97.89699883987494,77.94675371858526
8260,60.56492216433434,47.59570592706228
8261,62.72632449044177,49.35293003935969
8262,62.72349538107103,49.350629968177884
8263,61.95175606004436,48.723204464403956
8264,61.17271015118834,48.08983869113128
8265,52.7908531710484,41.27537337228615
8266,8.32649897999311,5.125770691433388
8279,98.3509830267088,120.47323982024277
8280,34.060149428947376,41.45659458351332
8281,44.43555302367054,54.20848375890386
8282,39.218861820082886,47.79690974319837
8284,73.09171275355973,63.26659646874126
8292,39.471153547636725,48.10698887604969
8293,50.49536974450749,61.65630114179508
8294,37.75393812679802,45.99644536447546
8295,30.656685421279484,37.273567345875584
8296,29.487353135888924,35.836399569569494
8297,42.860328369693065,52.27245399095536
8298,25.41728411651861,30.83408148166425
8299,24.908485443202217,30.208742502271093
8304,11.347653476926435,14.163155803912243
8320,80.91922675157808,81.45810249972496
8341,135.13744463774196,135.2887479460302
8342,170.62307270736048,170.7881129301494
8343,124.38106998190436,124.52820936786617
8344,139.55245229898793,139.7054647099766
8345,101.75724578761276,101.8956272184378
8346,176.1081173477003,176.27528089740642
8347,138.12665062731617,138.2791110932859
8348,174.98486129866762,175.15159002241333
8351,98.18230945036976,73.79405721560025
8356,37.6711419988215,34.732473416274956
8357,112.07136039197412,85.6243360974579
8358,37.88314541958079,34.87748977792338
8364,36.537754729280365,33.957204330621344
8365,9.963367387915865,15.779568557205963
8382,71.06662056233995,68.16166576741227
8383,258.8287968482342,260.79611911822315
8387,54.93405066520603,46.88524277241838
8387,32.77986058438246,46.88524277241838
8388,170.28330269158585,125.44295811093085
8389,183.95861830282703,134.7972624293868
8390,59.32625789726366,49.545187793334485
8391,60.22427030543082,50.15945378810538
8406,98.8850863804664,90.05627545332052
8407,98.88289550900278,90.05439664899025
8408,83.51662272532461,76.87689156683135
8409,123.74496251090066,111.37511761253313
8410,59.51220000778592,56.291652269853245
8421,80.80671648901837,64.23843161156805
8422,9.040488997880512,9.276083318853495
8423,17.514921784394712,16.419412485262534
8434,93.15741838792086,72.68666252580711
8435,26.048101168959636,36.268470780827165
8440,172.43320852699594,126.91355476933043
8441,148.387862138022,110.46585484346885
8442,20.478355919233703,22.972119385514965
8443,128.08233829440948,96.576299766387
8448,5.006648267416278,5.875849596022063
8449,8.462348198740193,8.788752763897403
8450,13.213731782521712,12.793822812813856
8461,8.768881409254014,10.372363117447273
